file,kind,dataset,algorithm,n,rank,symbol,count,category
檔案,種類,資料夾,演算法,N,排名,symbol,命中數,分類
"claw-code-apple-n4.time-profile.xml","time-profile","claw-code","apple","4","1","lzfseEncodeMatches","98","apple_lzfse"
"claw-code-apple-n4.time-profile.xml","time-profile","claw-code","apple","4","2","lzfseEncodeBase","69","apple_lzfse"
"claw-code-apple-n4.time-profile.xml","time-profile","claw-code","apple","4","3","lzfsePushMatch","25","apple_lzfse"
"claw-code-apple-n4.time-profile.xml","time-profile","claw-code","apple","4","4","_platform_memmove","7","memory_copy"
"claw-code-apple-n4.time-profile.xml","time-profile","claw-code","apple","4","5","lzfseBackendMatch","5","other"
"claw-code-apple-n4.time-profile.xml","time-profile","claw-code","apple","4","6","-[NSConcreteFileHandle readDataOfLength:]","5","io"
"claw-code-apple-n4.time-profile.xml","time-profile","claw-code","apple","4","7","xzm_malloc_zone_malloc_type_realloc","4","other"
"claw-code-apple-n4.time-profile.xml","time-profile","claw-code","apple","4","8","runCLI()","4","other"
"claw-code-apple-n4.time-profile.xml","time-profile","claw-code","apple","4","9","closure #1 in OutputFilter.write<A>(_:)","4","io"
"claw-code-apple-n4.time-profile.xml","time-profile","claw-code","apple","4","10","OutputFilter.write<A>(_:)","3","io"
"claw-code-apple-n4.time-profile.xml","time-profile","claw-code","apple","4","11","objc_msgSend","3","other"
"claw-code-apple-n4.time-profile.xml","time-profile","claw-code","apple","4","12","lzfseStreamEncode","3","other"
"claw-code-apple-n4.time-profile.xml","time-profile","claw-code","apple","4","13","lzfseEncodeTranslateState","3","apple_lzfse"
"claw-code-apple-n4.time-profile.xml","time-profile","claw-code","apple","4","14","dyld4::prepare(dyld4::APIs&, mach_o::UnsafeHeader const*)","3","other"
"claw-code-apple-n4.time-profile.xml","time-profile","claw-code","apple","4","15","start","2","external_tool"
"claw-code-apple-n4.time-profile.xml","time-profile","claw-code","apple","4","16","reallocf","2","other"
"claw-code-apple-n4.time-profile.xml","time-profile","claw-code","apple","4","17","realizeClassWithoutSwift(objc_class*, objc_class*)","2","swift_runtime"
"claw-code-apple-n4.time-profile.xml","time-profile","claw-code","apple","4","18","read","2","io"
"claw-code-apple-n4.time-profile.xml","time-profile","claw-code","apple","4","19","partial apply for closure #2 in runCLI()","2","other"
"claw-code-apple-n4.time-profile.xml","time-profile","claw-code","apple","4","20","NSFileHandle.read(upToCount:)","2","io"
"claw-code-apple-n4.time-profile.xml","time-profile","claw-code","apple","4","21","closure #2 in runCLI()","2","other"
"claw-code-apple-n4.time-profile.xml","time-profile","claw-code","apple","4","22","_realloc","2","other"
"claw-code-apple-n4.time-profile.xml","time-profile","claw-code","apple","4","23","_malloc_zone_realloc","2","other"
"claw-code-apple-n4.time-profile.xml","time-profile","claw-code","apple","4","24","xzm_segment_group_alloc_chunk","1","other"
"claw-code-apple-n4.time-profile.xml","time-profile","claw-code","apple","4","25","xzm_malloc_zone_malloc_type_malloc_tc","1","other"
"claw-code-apple-n4.time-profile.xml","time-profile","claw-code","apple","4","26","write","1","io"
"claw-code-apple-n4.time-profile.xml","time-profile","claw-code","apple","4","27","swift::MetadataCacheKey::operator==(swift::MetadataCacheKey const&) const","1","other"
"claw-code-apple-n4.time-profile.xml","time-profile","claw-code","apple","4","28","swift_cvw_initWithCopyImpl(swift::OpaqueValue*, swift::OpaqueValue*, swift::TargetMetadata<swift::InProcess> const*)","1","swift_runtime"
"claw-code-apple-n4.time-profile.xml","time-profile","claw-code","apple","4","29","swift_allocObject","1","swift_runtime"
"claw-code-apple-n4.time-profile.xml","time-profile","claw-code","apple","4","30","std::__1::pair<swift::GenericCacheEntry*, swift::MetadataResponse> swift::LockingConcurrentMap<swift::GenericCacheEntry, swift::LockingConcurrentMapStorage<swift::GenericCacheEntry, (unsigned short)14>>::getOrInsert<swift::MetadataCacheKey, swift::MetadataRequest&, swift::TargetTypeContextDescriptor<swift::InProcess> const*&, void const* const*&>(swift::MetadataCacheKey, swift::MetadataRequest&, swift::TargetTypeContextDescriptor<swift::InProcess> const*&, void const* const*&)","1","other"
"claw-code-apple-n40.time-profile.xml","time-profile","claw-code","apple","40","1","lzfseEncodeMatches","99","apple_lzfse"
"claw-code-apple-n40.time-profile.xml","time-profile","claw-code","apple","40","2","lzfseEncodeBase","70","apple_lzfse"
"claw-code-apple-n40.time-profile.xml","time-profile","claw-code","apple","40","3","lzfsePushMatch","25","apple_lzfse"
"claw-code-apple-n40.time-profile.xml","time-profile","claw-code","apple","40","4","_platform_memmove","8","memory_copy"
"claw-code-apple-n40.time-profile.xml","time-profile","claw-code","apple","40","5","OutputFilter.write<A>(_:)","5","io"
"claw-code-apple-n40.time-profile.xml","time-profile","claw-code","apple","40","6","lzfseBackendMatch","5","other"
"claw-code-apple-n40.time-profile.xml","time-profile","claw-code","apple","40","7","-[NSConcreteFileHandle readDataOfLength:]","5","io"
"claw-code-apple-n40.time-profile.xml","time-profile","claw-code","apple","40","8","runCLI()","4","other"
"claw-code-apple-n40.time-profile.xml","time-profile","claw-code","apple","40","9","NSFileHandle.read(upToCount:)","3","io"
"claw-code-apple-n40.time-profile.xml","time-profile","claw-code","apple","40","10","closure #1 in OutputFilter.write<A>(_:)","3","io"
"claw-code-apple-n40.time-profile.xml","time-profile","claw-code","apple","40","11","_xzm_malloc_large_huge","3","other"
"claw-code-apple-n40.time-profile.xml","time-profile","claw-code","apple","40","12","xzm_malloc_zone_malloc_type_realloc","2","other"
"claw-code-apple-n40.time-profile.xml","time-profile","claw-code","apple","40","13","start","2","external_tool"
"claw-code-apple-n40.time-profile.xml","time-profile","claw-code","apple","40","14","specialized static Data._unconditionallyBridgeFromObjectiveC(_:)","2","other"
"claw-code-apple-n40.time-profile.xml","time-profile","claw-code","apple","40","15","read","2","io"
"claw-code-apple-n40.time-profile.xml","time-profile","claw-code","apple","40","16","protocol witness for ContiguousBytes.withUnsafeBytes<A>(_:) in conformance Data","2","other"
"claw-code-apple-n40.time-profile.xml","time-profile","claw-code","apple","40","17","partial apply for closure #2 in runCLI()","2","other"
"claw-code-apple-n40.time-profile.xml","time-profile","claw-code","apple","40","18","objc_msgSend","2","other"
"claw-code-apple-n40.time-profile.xml","time-profile","claw-code","apple","40","19","lzfseStreamEncode","2","other"
"claw-code-apple-n40.time-profile.xml","time-profile","claw-code","apple","40","20","lzfseEncodeTranslateState","2","apple_lzfse"
"claw-code-apple-n40.time-profile.xml","time-profile","claw-code","apple","40","21","dyld4::start(dyld4::KernelArgs*, void*, void*, unsigned long long)::$_1::operator()() const","2","external_tool"
"claw-code-apple-n40.time-profile.xml","time-profile","claw-code","apple","40","22","dyld4::prepare(dyld4::APIs&, mach_o::UnsafeHeader const*)","2","other"
"claw-code-apple-n40.time-profile.xml","time-profile","claw-code","apple","40","23","CollectionOfOne.makeIterator()","2","other"
"claw-code-apple-n40.time-profile.xml","time-profile","claw-code","apple","40","24","closure #2 in runCLI()","2","other"
"claw-code-apple-n40.time-profile.xml","time-profile","claw-code","apple","40","25","assignWithTake for ClosedRange<>.Index","2","other"
"claw-code-apple-n40.time-profile.xml","time-profile","claw-code","apple","40","26","+[NSData(NSData) dataWithBytesNoCopy:length:]","2","other"
"claw-code-apple-n40.time-profile.xml","time-profile","claw-code","apple","40","27","_swift_getGenericMetadata(swift::MetadataRequest, void const* const*, swift::TargetTypeContextDescriptor<swift::InProcess> const*)","2","swift_runtime"
"claw-code-apple-n40.time-profile.xml","time-profile","claw-code","apple","40","28","_malloc_zone_realloc","2","other"
"claw-code-apple-n40.time-profile.xml","time-profile","claw-code","apple","40","29","xzm_segment_group_alloc_chunk","1","other"
"claw-code-apple-n40.time-profile.xml","time-profile","claw-code","apple","40","30","xzm_metapool_alloc","1","other"
"claw-code-apple-n8.time-profile.xml","time-profile","claw-code","apple","8","1","lzfseEncodeMatches","91","apple_lzfse"
"claw-code-apple-n8.time-profile.xml","time-profile","claw-code","apple","8","2","lzfseEncodeBase","66","apple_lzfse"
"claw-code-apple-n8.time-profile.xml","time-profile","claw-code","apple","8","3","lzfsePushMatch","21","apple_lzfse"
"claw-code-apple-n8.time-profile.xml","time-profile","claw-code","apple","8","4","OutputFilter.write<A>(_:)","5","io"
"claw-code-apple-n8.time-profile.xml","time-profile","claw-code","apple","8","5","lzfseBackendMatch","5","other"
"claw-code-apple-n8.time-profile.xml","time-profile","claw-code","apple","8","6","-[NSConcreteFileHandle readDataOfLength:]","5","io"
"claw-code-apple-n8.time-profile.xml","time-profile","claw-code","apple","8","7","_platform_memmove","5","memory_copy"
"claw-code-apple-n8.time-profile.xml","time-profile","claw-code","apple","8","8","NSFileHandle.read(upToCount:)","4","io"
"claw-code-apple-n8.time-profile.xml","time-profile","claw-code","apple","8","9","xzm_malloc_zone_malloc_type_realloc","3","other"
"claw-code-apple-n8.time-profile.xml","time-profile","claw-code","apple","8","10","std::__1::pair<swift::GenericCacheEntry*, bool> swift::StableAddressConcurrentReadableHashMap<swift::GenericCacheEntry, swift::TaggedMetadataAllocator<(unsigned short)14>, swift::Mutex>::getOrInsert<swift::MetadataCacheKey, swift::MetadataWaitQueue::Worker&, swift::MetadataRequest&, swift::TargetTypeContextDescriptor<swift::InProcess> const*&, void const* const*&>(swift::MetadataCacheKey, swift::MetadataWaitQueue::Worker&, swift::MetadataRequest&, swift::TargetTypeContextDescriptor<swift::InProcess> const*&, void const* const*&)","3","other"
"claw-code-apple-n8.time-profile.xml","time-profile","claw-code","apple","8","11","specialized static Data._unconditionallyBridgeFromObjectiveC(_:)","3","other"
"claw-code-apple-n8.time-profile.xml","time-profile","claw-code","apple","8","12","runCLI()","3","other"
"claw-code-apple-n8.time-profile.xml","time-profile","claw-code","apple","8","13","lzfseStreamEncode","3","other"
"claw-code-apple-n8.time-profile.xml","time-profile","claw-code","apple","8","14","lzfseEncodeTranslateState","3","apple_lzfse"
"claw-code-apple-n8.time-profile.xml","time-profile","claw-code","apple","8","15","dyld4::prepare(dyld4::APIs&, mach_o::UnsafeHeader const*)","3","other"
"claw-code-apple-n8.time-profile.xml","time-profile","claw-code","apple","8","16","_realloc","3","other"
"claw-code-apple-n8.time-profile.xml","time-profile","claw-code","apple","8","17","start","2","external_tool"
"claw-code-apple-n8.time-profile.xml","time-profile","claw-code","apple","8","18","read","2","io"
"claw-code-apple-n8.time-profile.xml","time-profile","claw-code","apple","8","19","protocol witness for ContiguousBytes.withUnsafeBytes<A>(_:) in conformance Data","2","other"
"claw-code-apple-n8.time-profile.xml","time-profile","claw-code","apple","8","20","partial apply for closure #2 in runCLI()","2","other"
"claw-code-apple-n8.time-profile.xml","time-profile","claw-code","apple","8","21","objc_retainAutoreleasedReturnValue","2","other"
"claw-code-apple-n8.time-profile.xml","time-profile","claw-code","apple","8","22","objc_retain","2","other"
"claw-code-apple-n8.time-profile.xml","time-profile","claw-code","apple","8","23","dyld4::Loader::runInitializersBottomUp(dyld4::RuntimeState&, lsl::Vector<AuthenticatedValue<dyld4::Loader const*>>&, lsl::Vector<AuthenticatedValue<dyld4::Loader const*>>&) const","2","other"
"claw-code-apple-n8.time-profile.xml","time-profile","claw-code","apple","8","24","closure #2 in runCLI()","2","other"
"claw-code-apple-n8.time-profile.xml","time-profile","claw-code","apple","8","25","closure #1 in OutputFilter.write<A>(_:)","2","io"
"claw-code-apple-n8.time-profile.xml","time-profile","claw-code","apple","8","26","<deduplicated_symbol>","2","other"
"claw-code-apple-n8.time-profile.xml","time-profile","claw-code","apple","8","27","_xzm_xzone_malloc_tiny","2","other"
"claw-code-apple-n8.time-profile.xml","time-profile","claw-code","apple","8","28","_xzm_xzone_malloc_small_freelist","2","other"
"claw-code-apple-n8.time-profile.xml","time-profile","claw-code","apple","8","29","xzm_segment_group_alloc_chunk","1","other"
"claw-code-apple-n8.time-profile.xml","time-profile","claw-code","apple","8","30","xzm_malloc_zone_try_free_default_tc","1","other"
"claw-code-bvx3-n4.time-profile.xml","time-profile","claw-code","bvx3","4","1","specialized static LZFSEv1.encodeBlockV3(triplets:literals:rawBytes:)","296","encode"
"claw-code-bvx3-n4.time-profile.xml","time-profile","claw-code","bvx3","4","2","specialized Array.withUnsafeBufferPointer<A, B>(_:)","176","swift_array"
"claw-code-bvx3-n4.time-profile.xml","time-profile","claw-code","bvx3","4","3","specialized _ArrayBuffer.withUnsafeBufferPointer<A, B>(_:)","176","swift_array"
"claw-code-bvx3-n4.time-profile.xml","time-profile","claw-code","bvx3","4","4","specialized static LZFSEv1.lzParseStrong(_:maxL:maxM:maxDist:)","124","parse"
"claw-code-bvx3-n4.time-profile.xml","time-profile","claw-code","bvx3","4","5","closure #1 in static LZFSEv1.lzParseStrong(_:maxL:maxM:maxDist:)","123","parse"
"claw-code-bvx3-n4.time-profile.xml","time-profile","claw-code","bvx3","4","6","bestMatch #1 (_:) in closure #1 in static LZFSEv1.lzParseStrong(_:maxL:maxM:maxDist:)","67","parse"
"claw-code-bvx3-n4.time-profile.xml","time-profile","claw-code","bvx3","4","7","closure #2 in static LZFSEv1.encodeBlockV3(triplets:literals:rawBytes:)","52","encode"
"claw-code-bvx3-n4.time-profile.xml","time-profile","claw-code","bvx3","4","8","specialized Array.subscript.getter","51","swift_array"
"claw-code-bvx3-n4.time-profile.xml","time-profile","claw-code","bvx3","4","9","static LZFSEv1.fseEncode(state:_:_:)","42","fse"
"claw-code-bvx3-n4.time-profile.xml","time-profile","claw-code","bvx3","4","10","specialized Array.subscript.modify","42","swift_array"
"claw-code-bvx3-n4.time-profile.xml","time-profile","claw-code","bvx3","4","11","static LZFSEv1.symbol(forValue:base:)","31","fse"
"claw-code-bvx3-n4.time-profile.xml","time-profile","claw-code","bvx3","4","12","specialized Array.append(_:)","30","swift_array"
"claw-code-bvx3-n4.time-profile.xml","time-profile","claw-code","bvx3","4","13","specialized Array._checkSubscript(_:wasNativeTypeChecked:)","30","swift_array"
"claw-code-bvx3-n4.time-profile.xml","time-profile","claw-code","bvx3","4","14","specialized _ArrayBuffer.beginCOWMutation()","27","swift_array"
"claw-code-bvx3-n4.time-profile.xml","time-profile","claw-code","bvx3","4","15","specialized Array._makeMutableAndUnique()","26","swift_array"
"claw-code-bvx3-n4.time-profile.xml","time-profile","claw-code","bvx3","4","16","specialized Array.append<A>(contentsOf:)","22","swift_array"
"claw-code-bvx3-n4.time-profile.xml","time-profile","claw-code","bvx3","4","17","specialized IndexingIterator.next()","21","swift_array"
"claw-code-bvx3-n4.time-profile.xml","time-profile","claw-code","bvx3","4","18","matchLength #1 (_:_:limit:) in closure #1 in static LZFSEv1.lzParseStrong(_:maxL:maxM:maxDist:)","21","parse"
"claw-code-bvx3-n4.time-profile.xml","time-profile","claw-code","bvx3","4","19","specialized Array._getElement(_:wasNativeTypeChecked:matchingSubscriptCheck:)","20","swift_array"
"claw-code-bvx3-n4.time-profile.xml","time-profile","claw-code","bvx3","4","20","specialized pushRun #1 (l:m:d:) in static LZFSEv1.lzParseStrong(_:maxL:maxM:maxDist:)","18","parse"
"claw-code-bvx3-n4.time-profile.xml","time-profile","claw-code","bvx3","4","21","static LZFSEv1.compressBody(_:strong:bvx3:lazy2:optimal:optimal3:)","16","encode"
"claw-code-bvx3-n4.time-profile.xml","time-profile","claw-code","bvx3","4","22","insert #1 (_:) in closure #1 in static LZFSEv1.lzParseStrong(_:maxL:maxM:maxDist:)","16","parse"
"claw-code-bvx3-n4.time-profile.xml","time-profile","claw-code","bvx3","4","23","_platform_memmove","16","memory_copy"
"claw-code-bvx3-n4.time-profile.xml","time-profile","claw-code","bvx3","4","24","specialized Array._checkSubscript_mutating(_:)","15","swift_array"
"claw-code-bvx3-n4.time-profile.xml","time-profile","claw-code","bvx3","4","25","specialized _ArrayBuffer._checkValidSubscriptMutating(_:)","15","swift_array"
"claw-code-bvx3-n4.time-profile.xml","time-profile","claw-code","bvx3","4","26","LZFSEv1.FSEOutStream.push(_:_:)","13","fse"
"claw-code-bvx3-n4.time-profile.xml","time-profile","claw-code","bvx3","4","27","specialized Array._makeUniqueAndReserveCapacityIfNotUnique()","10","swift_array"
"claw-code-bvx3-n4.time-profile.xml","time-profile","claw-code","bvx3","4","28","LZFSEv1.FSEOutStream.flush()","10","fse"
"claw-code-bvx3-n4.time-profile.xml","time-profile","claw-code","bvx3","4","29","swift_beginAccess","9","swift_runtime"
"claw-code-bvx3-n4.time-profile.xml","time-profile","claw-code","bvx3","4","30","specialized Array._createNewBuffer(bufferIsUnique:minimumCapacity:growForAppend:)","9","swift_array"
"claw-code-bvx3-n40.time-profile.xml","time-profile","claw-code","bvx3","40","1","specialized static LZFSEv1.encodeBlockV3(triplets:literals:rawBytes:)","364","encode"
"claw-code-bvx3-n40.time-profile.xml","time-profile","claw-code","bvx3","40","2","specialized Array.withUnsafeBufferPointer<A, B>(_:)","193","swift_array"
"claw-code-bvx3-n40.time-profile.xml","time-profile","claw-code","bvx3","40","3","specialized _ArrayBuffer.withUnsafeBufferPointer<A, B>(_:)","193","swift_array"
"claw-code-bvx3-n40.time-profile.xml","time-profile","claw-code","bvx3","40","4","specialized static LZFSEv1.lzParseStrong(_:maxL:maxM:maxDist:)","126","parse"
"claw-code-bvx3-n40.time-profile.xml","time-profile","claw-code","bvx3","40","5","closure #1 in static LZFSEv1.lzParseStrong(_:maxL:maxM:maxDist:)","125","parse"
"claw-code-bvx3-n40.time-profile.xml","time-profile","claw-code","bvx3","40","6","specialized Array.subscript.getter","67","swift_array"
"claw-code-bvx3-n40.time-profile.xml","time-profile","claw-code","bvx3","40","7","closure #2 in static LZFSEv1.encodeBlockV3(triplets:literals:rawBytes:)","67","encode"
"claw-code-bvx3-n40.time-profile.xml","time-profile","claw-code","bvx3","40","8","bestMatch #1 (_:) in closure #1 in static LZFSEv1.lzParseStrong(_:maxL:maxM:maxDist:)","62","parse"
"claw-code-bvx3-n40.time-profile.xml","time-profile","claw-code","bvx3","40","9","specialized Array.subscript.modify","44","swift_array"
"claw-code-bvx3-n40.time-profile.xml","time-profile","claw-code","bvx3","40","10","static LZFSEv1.fseEncode(state:_:_:)","42","fse"
"claw-code-bvx3-n40.time-profile.xml","time-profile","claw-code","bvx3","40","11","specialized Array.append(_:)","35","swift_array"
"claw-code-bvx3-n40.time-profile.xml","time-profile","claw-code","bvx3","40","12","specialized Array._getElement(_:wasNativeTypeChecked:matchingSubscriptCheck:)","32","swift_array"
"claw-code-bvx3-n40.time-profile.xml","time-profile","claw-code","bvx3","40","13","specialized _ArrayBuffer.beginCOWMutation()","31","swift_array"
"claw-code-bvx3-n40.time-profile.xml","time-profile","claw-code","bvx3","40","14","specialized Array.append<A>(contentsOf:)","30","swift_array"
"claw-code-bvx3-n40.time-profile.xml","time-profile","claw-code","bvx3","40","15","specialized Array._checkSubscript(_:wasNativeTypeChecked:)","28","swift_array"
"claw-code-bvx3-n40.time-profile.xml","time-profile","claw-code","bvx3","40","16","static LZFSEv1.symbol(forValue:base:)","27","fse"
"claw-code-bvx3-n40.time-profile.xml","time-profile","claw-code","bvx3","40","17","specialized Array._makeMutableAndUnique()","27","swift_array"
"claw-code-bvx3-n40.time-profile.xml","time-profile","claw-code","bvx3","40","18","specialized IndexingIterator.next()","23","swift_array"
"claw-code-bvx3-n40.time-profile.xml","time-profile","claw-code","bvx3","40","19","specialized pushRun #1 (l:m:d:) in static LZFSEv1.lzParseStrong(_:maxL:maxM:maxDist:)","21","parse"
"claw-code-bvx3-n40.time-profile.xml","time-profile","claw-code","bvx3","40","20","insert #1 (_:) in closure #1 in static LZFSEv1.lzParseStrong(_:maxL:maxM:maxDist:)","20","parse"
"claw-code-bvx3-n40.time-profile.xml","time-profile","claw-code","bvx3","40","21","swift_beginAccess","19","swift_runtime"
"claw-code-bvx3-n40.time-profile.xml","time-profile","claw-code","bvx3","40","22","static LZFSEv1.compressBody(_:strong:bvx3:lazy2:optimal:optimal3:)","17","encode"
"claw-code-bvx3-n40.time-profile.xml","time-profile","claw-code","bvx3","40","23","_platform_memmove","17","memory_copy"
"claw-code-bvx3-n40.time-profile.xml","time-profile","claw-code","bvx3","40","24","matchLength #1 (_:_:limit:) in closure #1 in static LZFSEv1.lzParseStrong(_:maxL:maxM:maxDist:)","16","parse"
"claw-code-bvx3-n40.time-profile.xml","time-profile","claw-code","bvx3","40","25","LZFSEv1.FSEOutStream.flush()","14","fse"
"claw-code-bvx3-n40.time-profile.xml","time-profile","claw-code","bvx3","40","26","specialized Array._makeUniqueAndReserveCapacityIfNotUnique()","13","swift_array"
"claw-code-bvx3-n40.time-profile.xml","time-profile","claw-code","bvx3","40","27","entropyBits #1 (_:) in static LZFSEv1.encodeBlockV3(triplets:literals:rawBytes:)","12","encode"
"claw-code-bvx3-n40.time-profile.xml","time-profile","claw-code","bvx3","40","28","specialized Array._checkSubscript_mutating(_:)","11","swift_array"
"claw-code-bvx3-n40.time-profile.xml","time-profile","claw-code","bvx3","40","29","specialized _ArrayBuffer._checkValidSubscriptMutating(_:)","11","swift_array"
"claw-code-bvx3-n40.time-profile.xml","time-profile","claw-code","bvx3","40","30","LZFSEv1.FSEOutStream.push(_:_:)","11","fse"
"claw-code-bvx3-n8.time-profile.xml","time-profile","claw-code","bvx3","8","1","specialized static LZFSEv1.encodeBlockV3(triplets:literals:rawBytes:)","367","encode"
"claw-code-bvx3-n8.time-profile.xml","time-profile","claw-code","bvx3","8","2","specialized Array.withUnsafeBufferPointer<A, B>(_:)","200","swift_array"
"claw-code-bvx3-n8.time-profile.xml","time-profile","claw-code","bvx3","8","3","specialized _ArrayBuffer.withUnsafeBufferPointer<A, B>(_:)","200","swift_array"
"claw-code-bvx3-n8.time-profile.xml","time-profile","claw-code","bvx3","8","4","specialized static LZFSEv1.lzParseStrong(_:maxL:maxM:maxDist:)","133","parse"
"claw-code-bvx3-n8.time-profile.xml","time-profile","claw-code","bvx3","8","5","closure #1 in static LZFSEv1.lzParseStrong(_:maxL:maxM:maxDist:)","132","parse"
"claw-code-bvx3-n8.time-profile.xml","time-profile","claw-code","bvx3","8","6","specialized Array.subscript.getter","68","swift_array"
"claw-code-bvx3-n8.time-profile.xml","time-profile","claw-code","bvx3","8","7","bestMatch #1 (_:) in closure #1 in static LZFSEv1.lzParseStrong(_:maxL:maxM:maxDist:)","68","parse"
"claw-code-bvx3-n8.time-profile.xml","time-profile","claw-code","bvx3","8","8","closure #2 in static LZFSEv1.encodeBlockV3(triplets:literals:rawBytes:)","67","encode"
"claw-code-bvx3-n8.time-profile.xml","time-profile","claw-code","bvx3","8","9","static LZFSEv1.fseEncode(state:_:_:)","46","fse"
"claw-code-bvx3-n8.time-profile.xml","time-profile","claw-code","bvx3","8","10","specialized Array.subscript.modify","44","swift_array"
"claw-code-bvx3-n8.time-profile.xml","time-profile","claw-code","bvx3","8","11","static LZFSEv1.symbol(forValue:base:)","32","fse"
"claw-code-bvx3-n8.time-profile.xml","time-profile","claw-code","bvx3","8","12","specialized Array.append(_:)","31","swift_array"
"claw-code-bvx3-n8.time-profile.xml","time-profile","claw-code","bvx3","8","13","specialized Array._getElement(_:wasNativeTypeChecked:matchingSubscriptCheck:)","31","swift_array"
"claw-code-bvx3-n8.time-profile.xml","time-profile","claw-code","bvx3","8","14","specialized Array._checkSubscript(_:wasNativeTypeChecked:)","30","swift_array"
"claw-code-bvx3-n8.time-profile.xml","time-profile","claw-code","bvx3","8","15","specialized _ArrayBuffer.beginCOWMutation()","30","swift_array"
"claw-code-bvx3-n8.time-profile.xml","time-profile","claw-code","bvx3","8","16","specialized Array.append<A>(contentsOf:)","28","swift_array"
"claw-code-bvx3-n8.time-profile.xml","time-profile","claw-code","bvx3","8","17","specialized Array._makeMutableAndUnique()","28","swift_array"
"claw-code-bvx3-n8.time-profile.xml","time-profile","claw-code","bvx3","8","18","specialized IndexingIterator.next()","23","swift_array"
"claw-code-bvx3-n8.time-profile.xml","time-profile","claw-code","bvx3","8","19","specialized pushRun #1 (l:m:d:) in static LZFSEv1.lzParseStrong(_:maxL:maxM:maxDist:)","22","parse"
"claw-code-bvx3-n8.time-profile.xml","time-profile","claw-code","bvx3","8","20","insert #1 (_:) in closure #1 in static LZFSEv1.lzParseStrong(_:maxL:maxM:maxDist:)","21","parse"
"claw-code-bvx3-n8.time-profile.xml","time-profile","claw-code","bvx3","8","21","matchLength #1 (_:_:limit:) in closure #1 in static LZFSEv1.lzParseStrong(_:maxL:maxM:maxDist:)","19","parse"
"claw-code-bvx3-n8.time-profile.xml","time-profile","claw-code","bvx3","8","22","LZFSEv1.FSEOutStream.flush()","18","fse"
"claw-code-bvx3-n8.time-profile.xml","time-profile","claw-code","bvx3","8","23","static LZFSEv1.compressBody(_:strong:bvx3:lazy2:optimal:optimal3:)","16","encode"
"claw-code-bvx3-n8.time-profile.xml","time-profile","claw-code","bvx3","8","24","swift_beginAccess","15","swift_runtime"
"claw-code-bvx3-n8.time-profile.xml","time-profile","claw-code","bvx3","8","25","_platform_memmove","15","memory_copy"
"claw-code-bvx3-n8.time-profile.xml","time-profile","claw-code","bvx3","8","26","LZFSEv1.FSEOutStream.push(_:_:)","13","fse"
"claw-code-bvx3-n8.time-profile.xml","time-profile","claw-code","bvx3","8","27","specialized Array.init(repeating:count:)","11","swift_array"
"claw-code-bvx3-n8.time-profile.xml","time-profile","claw-code","bvx3","8","28","swift_endAccess","10","swift_runtime"
"claw-code-bvx3-n8.time-profile.xml","time-profile","claw-code","bvx3","8","29","specialized Array._makeUniqueAndReserveCapacityIfNotUnique()","10","swift_array"
"claw-code-bvx3-n8.time-profile.xml","time-profile","claw-code","bvx3","8","30","specialized Array._checkSubscript_mutating(_:)","10","swift_array"
"claw-code-lazy2-n4.time-profile.xml","time-profile","claw-code","lazy2","4","1","specialized Array.withUnsafeBufferPointer<A, B>(_:)","405","swift_array"
"claw-code-lazy2-n4.time-profile.xml","time-profile","claw-code","lazy2","4","2","specialized _ArrayBuffer.withUnsafeBufferPointer<A, B>(_:)","405","swift_array"
"claw-code-lazy2-n4.time-profile.xml","time-profile","claw-code","lazy2","4","3","specialized static LZFSEv1.lzParseChain(_:maxL:maxM:maxDist:)","352","parse"
"claw-code-lazy2-n4.time-profile.xml","time-profile","claw-code","lazy2","4","4","closure #1 in static LZFSEv1.lzParseChain(_:maxL:maxM:maxDist:)","350","parse"
"claw-code-lazy2-n4.time-profile.xml","time-profile","claw-code","lazy2","4","5","specialized static LZFSEv1.encodeBlockV3(triplets:literals:rawBytes:)","277","encode"
"claw-code-lazy2-n4.time-profile.xml","time-profile","claw-code","lazy2","4","6","bestMatch #1 (_:) in closure #1 in static LZFSEv1.lzParseChain(_:maxL:maxM:maxDist:)","268","parse"
"claw-code-lazy2-n4.time-profile.xml","time-profile","claw-code","lazy2","4","7","repLen #1 (_:_:) in closure #1 in static LZFSEv1.lzParseChain(_:maxL:maxM:maxDist:)","121","parse"
"claw-code-lazy2-n4.time-profile.xml","time-profile","claw-code","lazy2","4","8","matchLength #1 (_:_:limit:) in closure #1 in static LZFSEv1.lzParseChain(_:maxL:maxM:maxDist:)","69","parse"
"claw-code-lazy2-n4.time-profile.xml","time-profile","claw-code","lazy2","4","9","closure #2 in static LZFSEv1.encodeBlockV3(triplets:literals:rawBytes:)","54","encode"
"claw-code-lazy2-n4.time-profile.xml","time-profile","claw-code","lazy2","4","10","static LZFSEv1.fseEncode(state:_:_:)","46","fse"
"claw-code-lazy2-n4.time-profile.xml","time-profile","claw-code","lazy2","4","11","specialized Array.subscript.getter","45","swift_array"
"claw-code-lazy2-n4.time-profile.xml","time-profile","claw-code","lazy2","4","12","specialized Array.subscript.modify","38","swift_array"
"claw-code-lazy2-n4.time-profile.xml","time-profile","claw-code","lazy2","4","13","specialized _ArrayBuffer.beginCOWMutation()","31","swift_array"
"claw-code-lazy2-n4.time-profile.xml","time-profile","claw-code","lazy2","4","14","static LZFSEv1.symbol(forValue:base:)","30","fse"
"claw-code-lazy2-n4.time-profile.xml","time-profile","claw-code","lazy2","4","15","specialized Array.append(_:)","29","swift_array"
"claw-code-lazy2-n4.time-profile.xml","time-profile","claw-code","lazy2","4","16","specialized Array._makeMutableAndUnique()","27","swift_array"
"claw-code-lazy2-n4.time-profile.xml","time-profile","claw-code","lazy2","4","17","specialized Array._checkSubscript(_:wasNativeTypeChecked:)","26","swift_array"
"claw-code-lazy2-n4.time-profile.xml","time-profile","claw-code","lazy2","4","18","specialized Array.append<A>(contentsOf:)","25","swift_array"
"claw-code-lazy2-n4.time-profile.xml","time-profile","claw-code","lazy2","4","19","insert #1 (_:) in closure #1 in static LZFSEv1.lzParseChain(_:maxL:maxM:maxDist:)","23","parse"
"claw-code-lazy2-n4.time-profile.xml","time-profile","claw-code","lazy2","4","20","specialized pushRun #1 (l:m:d:) in static LZFSEv1.lzParseChain(_:maxL:maxM:maxDist:)","22","parse"
"claw-code-lazy2-n4.time-profile.xml","time-profile","claw-code","lazy2","4","21","load32 #1 (_:) in closure #1 in static LZFSEv1.lzParseChain(_:maxL:maxM:maxDist:)","21","parse"
"claw-code-lazy2-n4.time-profile.xml","time-profile","claw-code","lazy2","4","22","specialized Array._getElement(_:wasNativeTypeChecked:matchingSubscriptCheck:)","19","swift_array"
"claw-code-lazy2-n4.time-profile.xml","time-profile","claw-code","lazy2","4","23","static LZFSEv1.compressBody(_:strong:bvx3:lazy2:optimal:optimal3:)","15","encode"
"claw-code-lazy2-n4.time-profile.xml","time-profile","claw-code","lazy2","4","24","_platform_memmove","15","memory_copy"
"claw-code-lazy2-n4.time-profile.xml","time-profile","claw-code","lazy2","4","25","swift_beginAccess","14","swift_runtime"
"claw-code-lazy2-n4.time-profile.xml","time-profile","claw-code","lazy2","4","26","specialized Array._makeUniqueAndReserveCapacityIfNotUnique()","14","swift_array"
"claw-code-lazy2-n4.time-profile.xml","time-profile","claw-code","lazy2","4","27","load64 #1 (_:) in closure #1 in static LZFSEv1.lzParseChain(_:maxL:maxM:maxDist:)","14","parse"
"claw-code-lazy2-n4.time-profile.xml","time-profile","claw-code","lazy2","4","28","LZFSEv1.FSEOutStream.push(_:_:)","13","fse"
"claw-code-lazy2-n4.time-profile.xml","time-profile","claw-code","lazy2","4","29","swift_endAccess","11","swift_runtime"
"claw-code-lazy2-n4.time-profile.xml","time-profile","claw-code","lazy2","4","30","specialized Array._checkSubscript_mutating(_:)","11","swift_array"
"claw-code-lazy2-n40.time-profile.xml","time-profile","claw-code","lazy2","40","1","specialized Array.withUnsafeBufferPointer<A, B>(_:)","446","swift_array"
"claw-code-lazy2-n40.time-profile.xml","time-profile","claw-code","lazy2","40","2","specialized _ArrayBuffer.withUnsafeBufferPointer<A, B>(_:)","446","swift_array"
"claw-code-lazy2-n40.time-profile.xml","time-profile","claw-code","lazy2","40","3","specialized static LZFSEv1.lzParseChain(_:maxL:maxM:maxDist:)","384","parse"
"claw-code-lazy2-n40.time-profile.xml","time-profile","claw-code","lazy2","40","4","closure #1 in static LZFSEv1.lzParseChain(_:maxL:maxM:maxDist:)","381","parse"
"claw-code-lazy2-n40.time-profile.xml","time-profile","claw-code","lazy2","40","5","specialized static LZFSEv1.encodeBlockV3(triplets:literals:rawBytes:)","351","encode"
"claw-code-lazy2-n40.time-profile.xml","time-profile","claw-code","lazy2","40","6","bestMatch #1 (_:) in closure #1 in static LZFSEv1.lzParseChain(_:maxL:maxM:maxDist:)","289","parse"
"claw-code-lazy2-n40.time-profile.xml","time-profile","claw-code","lazy2","40","7","repLen #1 (_:_:) in closure #1 in static LZFSEv1.lzParseChain(_:maxL:maxM:maxDist:)","144","parse"
"claw-code-lazy2-n40.time-profile.xml","time-profile","claw-code","lazy2","40","8","matchLength #1 (_:_:limit:) in closure #1 in static LZFSEv1.lzParseChain(_:maxL:maxM:maxDist:)","79","parse"
"claw-code-lazy2-n40.time-profile.xml","time-profile","claw-code","lazy2","40","9","closure #2 in static LZFSEv1.encodeBlockV3(triplets:literals:rawBytes:)","64","encode"
"claw-code-lazy2-n40.time-profile.xml","time-profile","claw-code","lazy2","40","10","specialized Array.subscript.getter","58","swift_array"
"claw-code-lazy2-n40.time-profile.xml","time-profile","claw-code","lazy2","40","11","static LZFSEv1.fseEncode(state:_:_:)","44","fse"
"claw-code-lazy2-n40.time-profile.xml","time-profile","claw-code","lazy2","40","12","specialized Array.subscript.modify","42","swift_array"
"claw-code-lazy2-n40.time-profile.xml","time-profile","claw-code","lazy2","40","13","specialized Array.append(_:)","35","swift_array"
"claw-code-lazy2-n40.time-profile.xml","time-profile","claw-code","lazy2","40","14","specialized _ArrayBuffer.beginCOWMutation()","32","swift_array"
"claw-code-lazy2-n40.time-profile.xml","time-profile","claw-code","lazy2","40","15","specialized Array.append<A>(contentsOf:)","29","swift_array"
"claw-code-lazy2-n40.time-profile.xml","time-profile","claw-code","lazy2","40","16","specialized Array._getElement(_:wasNativeTypeChecked:matchingSubscriptCheck:)","27","swift_array"
"claw-code-lazy2-n40.time-profile.xml","time-profile","claw-code","lazy2","40","17","specialized Array._makeMutableAndUnique()","26","swift_array"
"claw-code-lazy2-n40.time-profile.xml","time-profile","claw-code","lazy2","40","18","static LZFSEv1.symbol(forValue:base:)","25","fse"
"claw-code-lazy2-n40.time-profile.xml","time-profile","claw-code","lazy2","40","19","specialized Array._checkSubscript(_:wasNativeTypeChecked:)","24","swift_array"
"claw-code-lazy2-n40.time-profile.xml","time-profile","claw-code","lazy2","40","20","load32 #1 (_:) in closure #1 in static LZFSEv1.lzParseChain(_:maxL:maxM:maxDist:)","24","parse"
"claw-code-lazy2-n40.time-profile.xml","time-profile","claw-code","lazy2","40","21","insert #1 (_:) in closure #1 in static LZFSEv1.lzParseChain(_:maxL:maxM:maxDist:)","24","parse"
"claw-code-lazy2-n40.time-profile.xml","time-profile","claw-code","lazy2","40","22","specialized pushRun #1 (l:m:d:) in static LZFSEv1.lzParseChain(_:maxL:maxM:maxDist:)","20","parse"
"claw-code-lazy2-n40.time-profile.xml","time-profile","claw-code","lazy2","40","23","_platform_memmove","19","memory_copy"
"claw-code-lazy2-n40.time-profile.xml","time-profile","claw-code","lazy2","40","24","swift_beginAccess","18","swift_runtime"
"claw-code-lazy2-n40.time-profile.xml","time-profile","claw-code","lazy2","40","25","load64 #1 (_:) in closure #1 in static LZFSEv1.lzParseChain(_:maxL:maxM:maxDist:)","18","parse"
"claw-code-lazy2-n40.time-profile.xml","time-profile","claw-code","lazy2","40","26","static LZFSEv1.compressBody(_:strong:bvx3:lazy2:optimal:optimal3:)","16","encode"
"claw-code-lazy2-n40.time-profile.xml","time-profile","claw-code","lazy2","40","27","specialized Array._makeUniqueAndReserveCapacityIfNotUnique()","16","swift_array"
"claw-code-lazy2-n40.time-profile.xml","time-profile","claw-code","lazy2","40","28","LZFSEv1.FSEOutStream.push(_:_:)","15","fse"
"claw-code-lazy2-n40.time-profile.xml","time-profile","claw-code","lazy2","40","29","LZFSEv1.FSEOutStream.flush()","15","fse"
"claw-code-lazy2-n40.time-profile.xml","time-profile","claw-code","lazy2","40","30","swift_endAccess","13","swift_runtime"
"claw-code-lazy2-n8.time-profile.xml","time-profile","claw-code","lazy2","8","1","specialized Array.withUnsafeBufferPointer<A, B>(_:)","455","swift_array"
"claw-code-lazy2-n8.time-profile.xml","time-profile","claw-code","lazy2","8","2","specialized _ArrayBuffer.withUnsafeBufferPointer<A, B>(_:)","455","swift_array"
"claw-code-lazy2-n8.time-profile.xml","time-profile","claw-code","lazy2","8","3","specialized static LZFSEv1.lzParseChain(_:maxL:maxM:maxDist:)","386","parse"
"claw-code-lazy2-n8.time-profile.xml","time-profile","claw-code","lazy2","8","4","closure #1 in static LZFSEv1.lzParseChain(_:maxL:maxM:maxDist:)","384","parse"
"claw-code-lazy2-n8.time-profile.xml","time-profile","claw-code","lazy2","8","5","specialized static LZFSEv1.encodeBlockV3(triplets:literals:rawBytes:)","364","encode"
"claw-code-lazy2-n8.time-profile.xml","time-profile","claw-code","lazy2","8","6","bestMatch #1 (_:) in closure #1 in static LZFSEv1.lzParseChain(_:maxL:maxM:maxDist:)","291","parse"
"claw-code-lazy2-n8.time-profile.xml","time-profile","claw-code","lazy2","8","7","repLen #1 (_:_:) in closure #1 in static LZFSEv1.lzParseChain(_:maxL:maxM:maxDist:)","136","parse"
"claw-code-lazy2-n8.time-profile.xml","time-profile","claw-code","lazy2","8","8","matchLength #1 (_:_:limit:) in closure #1 in static LZFSEv1.lzParseChain(_:maxL:maxM:maxDist:)","77","parse"
"claw-code-lazy2-n8.time-profile.xml","time-profile","claw-code","lazy2","8","9","closure #2 in static LZFSEv1.encodeBlockV3(triplets:literals:rawBytes:)","70","encode"
"claw-code-lazy2-n8.time-profile.xml","time-profile","claw-code","lazy2","8","10","specialized Array.subscript.getter","62","swift_array"
"claw-code-lazy2-n8.time-profile.xml","time-profile","claw-code","lazy2","8","11","specialized Array.subscript.modify","45","swift_array"
"claw-code-lazy2-n8.time-profile.xml","time-profile","claw-code","lazy2","8","12","static LZFSEv1.fseEncode(state:_:_:)","43","fse"
"claw-code-lazy2-n8.time-profile.xml","time-profile","claw-code","lazy2","8","13","specialized Array.append(_:)","33","swift_array"
"claw-code-lazy2-n8.time-profile.xml","time-profile","claw-code","lazy2","8","14","specialized _ArrayBuffer.beginCOWMutation()","32","swift_array"
"claw-code-lazy2-n8.time-profile.xml","time-profile","claw-code","lazy2","8","15","specialized Array.append<A>(contentsOf:)","29","swift_array"
"claw-code-lazy2-n8.time-profile.xml","time-profile","claw-code","lazy2","8","16","specialized Array._checkSubscript(_:wasNativeTypeChecked:)","29","swift_array"
"claw-code-lazy2-n8.time-profile.xml","time-profile","claw-code","lazy2","8","17","specialized Array._makeMutableAndUnique()","26","swift_array"
"claw-code-lazy2-n8.time-profile.xml","time-profile","claw-code","lazy2","8","18","specialized Array._getElement(_:wasNativeTypeChecked:matchingSubscriptCheck:)","26","swift_array"
"claw-code-lazy2-n8.time-profile.xml","time-profile","claw-code","lazy2","8","19","insert #1 (_:) in closure #1 in static LZFSEv1.lzParseChain(_:maxL:maxM:maxDist:)","25","parse"
"claw-code-lazy2-n8.time-profile.xml","time-profile","claw-code","lazy2","8","20","static LZFSEv1.symbol(forValue:base:)","24","fse"
"claw-code-lazy2-n8.time-profile.xml","time-profile","claw-code","lazy2","8","21","load32 #1 (_:) in closure #1 in static LZFSEv1.lzParseChain(_:maxL:maxM:maxDist:)","23","parse"
"claw-code-lazy2-n8.time-profile.xml","time-profile","claw-code","lazy2","8","22","_platform_memmove","22","memory_copy"
"claw-code-lazy2-n8.time-profile.xml","time-profile","claw-code","lazy2","8","23","swift_beginAccess","21","swift_runtime"
"claw-code-lazy2-n8.time-profile.xml","time-profile","claw-code","lazy2","8","24","specialized pushRun #1 (l:m:d:) in static LZFSEv1.lzParseChain(_:maxL:maxM:maxDist:)","20","parse"
"claw-code-lazy2-n8.time-profile.xml","time-profile","claw-code","lazy2","8","25","specialized Array._makeUniqueAndReserveCapacityIfNotUnique()","17","swift_array"
"claw-code-lazy2-n8.time-profile.xml","time-profile","claw-code","lazy2","8","26","static LZFSEv1.compressBody(_:strong:bvx3:lazy2:optimal:optimal3:)","15","encode"
"claw-code-lazy2-n8.time-profile.xml","time-profile","claw-code","lazy2","8","27","load64 #1 (_:) in closure #1 in static LZFSEv1.lzParseChain(_:maxL:maxM:maxDist:)","15","parse"
"claw-code-lazy2-n8.time-profile.xml","time-profile","claw-code","lazy2","8","28","swift_endAccess","13","swift_runtime"
"claw-code-lazy2-n8.time-profile.xml","time-profile","claw-code","lazy2","8","29","specialized Array._checkSubscript_mutating(_:)","13","swift_array"
"claw-code-lazy2-n8.time-profile.xml","time-profile","claw-code","lazy2","8","30","specialized _ArrayBuffer._checkValidSubscriptMutating(_:)","13","swift_array"
"claw-code-optimal-n4.time-profile.xml","time-profile","claw-code","optimal","4","1","specialized closure #1 in static LZFSEv1.lzParseOptimal(_:maxL:maxM:maxDist:)","912","parse"
"claw-code-optimal-n4.time-profile.xml","time-profile","claw-code","optimal","4","2","specialized static LZFSEv1.encodeBlockV3(triplets:literals:rawBytes:)","275","encode"
"claw-code-optimal-n4.time-profile.xml","time-profile","claw-code","optimal","4","3","specialized emitSteps #1 (_:from:) in closure #1 in static LZFSEv1.lzParseOptimal(_:maxL:maxM:maxDist:)","159","parse"
"claw-code-optimal-n4.time-profile.xml","time-profile","claw-code","optimal","4","4","specialized rebuildPrices #1 () in static LZFSEv1.lzParseOptimal(_:maxL:maxM:maxDist:)","94","parse"
"claw-code-optimal-n4.time-profile.xml","time-profile","claw-code","optimal","4","5","static LZFSEv1.symbol(forValue:base:)","77","fse"
"claw-code-optimal-n4.time-profile.xml","time-profile","claw-code","optimal","4","6","specialized Array.subscript.modify","71","swift_array"
"claw-code-optimal-n4.time-profile.xml","time-profile","claw-code","optimal","4","7","specialized Array.subscript.getter","66","swift_array"
"claw-code-optimal-n4.time-profile.xml","time-profile","claw-code","optimal","4","8","specialized emitGreedy #1 (at:len:dist:) in closure #1 in static LZFSEv1.lzParseOptimal(_:maxL:maxM:maxDist:)","60","parse"
"claw-code-optimal-n4.time-profile.xml","time-profile","claw-code","optimal","4","9","specialized Array.withUnsafeBufferPointer<A, B>(_:)","52","swift_array"
"claw-code-optimal-n4.time-profile.xml","time-profile","claw-code","optimal","4","10","specialized _ArrayBuffer.withUnsafeBufferPointer<A, B>(_:)","52","swift_array"
"claw-code-optimal-n4.time-profile.xml","time-profile","claw-code","optimal","4","11","closure #2 in static LZFSEv1.encodeBlockV3(triplets:literals:rawBytes:)","50","encode"
"claw-code-optimal-n4.time-profile.xml","time-profile","claw-code","optimal","4","12","matchLength #1 (_:_:limit:) in closure #1 in static LZFSEv1.lzParseOptimal(_:maxL:maxM:maxDist:)","47","parse"
"claw-code-optimal-n4.time-profile.xml","time-profile","claw-code","optimal","4","13","static LZFSEv1.fseEncode(state:_:_:)","46","fse"
"claw-code-optimal-n4.time-profile.xml","time-profile","claw-code","optimal","4","14","specialized Array._makeMutableAndUnique()","45","swift_array"
"claw-code-optimal-n4.time-profile.xml","time-profile","claw-code","optimal","4","15","specialized _ArrayBuffer.beginCOWMutation()","45","swift_array"
"claw-code-optimal-n4.time-profile.xml","time-profile","claw-code","optimal","4","16","dSym #1 (_:) in closure #1 in static LZFSEv1.lzParseOptimal(_:maxL:maxM:maxDist:)","39","parse"
"claw-code-optimal-n4.time-profile.xml","time-profile","claw-code","optimal","4","17","specialized Array._getElement(_:wasNativeTypeChecked:matchingSubscriptCheck:)","33","swift_array"
"claw-code-optimal-n4.time-profile.xml","time-profile","claw-code","optimal","4","18","specialized Array._checkSubscript(_:wasNativeTypeChecked:)","32","swift_array"
"claw-code-optimal-n4.time-profile.xml","time-profile","claw-code","optimal","4","19","specialized Array.append(_:)","28","swift_array"
"claw-code-optimal-n4.time-profile.xml","time-profile","claw-code","optimal","4","20","specialized IndexingIterator.next()","27","swift_array"
"claw-code-optimal-n4.time-profile.xml","time-profile","claw-code","optimal","4","21","insert #1 (_:) in closure #1 in static LZFSEv1.lzParseOptimal(_:maxL:maxM:maxDist:)","26","parse"
"claw-code-optimal-n4.time-profile.xml","time-profile","claw-code","optimal","4","22","specialized Array._checkSubscript_mutating(_:)","22","swift_array"
"claw-code-optimal-n4.time-profile.xml","time-profile","claw-code","optimal","4","23","specialized _ArrayBuffer._checkValidSubscriptMutating(_:)","22","swift_array"
"claw-code-optimal-n4.time-profile.xml","time-profile","claw-code","optimal","4","24","swift_beginAccess","21","swift_runtime"
"claw-code-optimal-n4.time-profile.xml","time-profile","claw-code","optimal","4","25","specialized Array.append<A>(contentsOf:)","21","swift_array"
"claw-code-optimal-n4.time-profile.xml","time-profile","claw-code","optimal","4","26","specialized pushRun #1 (l:m:d:) in static LZFSEv1.lzParseOptimal(_:maxL:maxM:maxDist:)","17","parse"
"claw-code-optimal-n4.time-profile.xml","time-profile","claw-code","optimal","4","27","static LZFSEv1.compressBody(_:strong:bvx3:lazy2:optimal:optimal3:)","16","encode"
"claw-code-optimal-n4.time-profile.xml","time-profile","claw-code","optimal","4","28","LZFSEv1.FSEOutStream.push(_:_:)","16","fse"
"claw-code-optimal-n4.time-profile.xml","time-profile","claw-code","optimal","4","29","static LZFSEv1.lzParseOptimal(_:maxL:maxM:maxDist:)","15","parse"
"claw-code-optimal-n4.time-profile.xml","time-profile","claw-code","optimal","4","30","_platform_memmove","14","memory_copy"
"claw-code-optimal-n40.time-profile.xml","time-profile","claw-code","optimal","40","1","specialized closure #1 in static LZFSEv1.lzParseOptimal(_:maxL:maxM:maxDist:)","993","parse"
"claw-code-optimal-n40.time-profile.xml","time-profile","claw-code","optimal","40","2","specialized static LZFSEv1.encodeBlockV3(triplets:literals:rawBytes:)","354","encode"
"claw-code-optimal-n40.time-profile.xml","time-profile","claw-code","optimal","40","3","specialized emitSteps #1 (_:from:) in closure #1 in static LZFSEv1.lzParseOptimal(_:maxL:maxM:maxDist:)","207","parse"
"claw-code-optimal-n40.time-profile.xml","time-profile","claw-code","optimal","40","4","specialized rebuildPrices #1 () in static LZFSEv1.lzParseOptimal(_:maxL:maxM:maxDist:)","130","parse"
"claw-code-optimal-n40.time-profile.xml","time-profile","claw-code","optimal","40","5","specialized Array.subscript.modify","89","swift_array"
"claw-code-optimal-n40.time-profile.xml","time-profile","claw-code","optimal","40","6","specialized Array.subscript.getter","86","swift_array"
"claw-code-optimal-n40.time-profile.xml","time-profile","claw-code","optimal","40","7","static LZFSEv1.symbol(forValue:base:)","80","fse"
"claw-code-optimal-n40.time-profile.xml","time-profile","claw-code","optimal","40","8","specialized emitGreedy #1 (at:len:dist:) in closure #1 in static LZFSEv1.lzParseOptimal(_:maxL:maxM:maxDist:)","74","parse"
"claw-code-optimal-n40.time-profile.xml","time-profile","claw-code","optimal","40","9","specialized Array.withUnsafeBufferPointer<A, B>(_:)","67","swift_array"
"claw-code-optimal-n40.time-profile.xml","time-profile","claw-code","optimal","40","10","specialized _ArrayBuffer.withUnsafeBufferPointer<A, B>(_:)","67","swift_array"
"claw-code-optimal-n40.time-profile.xml","time-profile","claw-code","optimal","40","11","closure #2 in static LZFSEv1.encodeBlockV3(triplets:literals:rawBytes:)","65","encode"
"claw-code-optimal-n40.time-profile.xml","time-profile","claw-code","optimal","40","12","specialized _ArrayBuffer.beginCOWMutation()","60","swift_array"
"claw-code-optimal-n40.time-profile.xml","time-profile","claw-code","optimal","40","13","specialized Array._makeMutableAndUnique()","56","swift_array"
"claw-code-optimal-n40.time-profile.xml","time-profile","claw-code","optimal","40","14","specialized Array._getElement(_:wasNativeTypeChecked:matchingSubscriptCheck:)","44","swift_array"
"claw-code-optimal-n40.time-profile.xml","time-profile","claw-code","optimal","40","15","matchLength #1 (_:_:limit:) in closure #1 in static LZFSEv1.lzParseOptimal(_:maxL:maxM:maxDist:)","44","parse"
"claw-code-optimal-n40.time-profile.xml","time-profile","claw-code","optimal","40","16","dSym #1 (_:) in closure #1 in static LZFSEv1.lzParseOptimal(_:maxL:maxM:maxDist:)","43","parse"
"claw-code-optimal-n40.time-profile.xml","time-profile","claw-code","optimal","40","17","static LZFSEv1.fseEncode(state:_:_:)","40","fse"
"claw-code-optimal-n40.time-profile.xml","time-profile","claw-code","optimal","40","18","specialized Array.append(_:)","35","swift_array"
"claw-code-optimal-n40.time-profile.xml","time-profile","claw-code","optimal","40","19","specialized Array._checkSubscript(_:wasNativeTypeChecked:)","35","swift_array"
"claw-code-optimal-n40.time-profile.xml","time-profile","claw-code","optimal","40","20","specialized Array.append<A>(contentsOf:)","30","swift_array"
"claw-code-optimal-n40.time-profile.xml","time-profile","claw-code","optimal","40","21","insert #1 (_:) in closure #1 in static LZFSEv1.lzParseOptimal(_:maxL:maxM:maxDist:)","30","parse"
"claw-code-optimal-n40.time-profile.xml","time-profile","claw-code","optimal","40","22","specialized IndexingIterator.next()","29","swift_array"
"claw-code-optimal-n40.time-profile.xml","time-profile","claw-code","optimal","40","23","swift_beginAccess","27","swift_runtime"
"claw-code-optimal-n40.time-profile.xml","time-profile","claw-code","optimal","40","24","specialized pushRun #1 (l:m:d:) in static LZFSEv1.lzParseOptimal(_:maxL:maxM:maxDist:)","26","parse"
"claw-code-optimal-n40.time-profile.xml","time-profile","claw-code","optimal","40","25","specialized Array._checkSubscript_mutating(_:)","19","swift_array"
"claw-code-optimal-n40.time-profile.xml","time-profile","claw-code","optimal","40","26","specialized _ArrayBuffer._checkValidSubscriptMutating(_:)","19","swift_array"
"claw-code-optimal-n40.time-profile.xml","time-profile","claw-code","optimal","40","27","specialized min<A>(_:_:)","17","other"
"claw-code-optimal-n40.time-profile.xml","time-profile","claw-code","optimal","40","28","static LZFSEv1.lzParseOptimal(_:maxL:maxM:maxDist:)","16","parse"
"claw-code-optimal-n40.time-profile.xml","time-profile","claw-code","optimal","40","29","log2","16","other"
"claw-code-optimal-n40.time-profile.xml","time-profile","claw-code","optimal","40","30","_platform_memmove","16","memory_copy"
"claw-code-optimal-n8.time-profile.xml","time-profile","claw-code","optimal","8","1","specialized closure #1 in static LZFSEv1.lzParseOptimal(_:maxL:maxM:maxDist:)","986","parse"
"claw-code-optimal-n8.time-profile.xml","time-profile","claw-code","optimal","8","2","specialized static LZFSEv1.encodeBlockV3(triplets:literals:rawBytes:)","349","encode"
"claw-code-optimal-n8.time-profile.xml","time-profile","claw-code","optimal","8","3","specialized emitSteps #1 (_:from:) in closure #1 in static LZFSEv1.lzParseOptimal(_:maxL:maxM:maxDist:)","189","parse"
"claw-code-optimal-n8.time-profile.xml","time-profile","claw-code","optimal","8","4","specialized rebuildPrices #1 () in static LZFSEv1.lzParseOptimal(_:maxL:maxM:maxDist:)","124","parse"
"claw-code-optimal-n8.time-profile.xml","time-profile","claw-code","optimal","8","5","specialized Array.subscript.modify","85","swift_array"
"claw-code-optimal-n8.time-profile.xml","time-profile","claw-code","optimal","8","6","specialized Array.subscript.getter","81","swift_array"
"claw-code-optimal-n8.time-profile.xml","time-profile","claw-code","optimal","8","7","static LZFSEv1.symbol(forValue:base:)","70","fse"
"claw-code-optimal-n8.time-profile.xml","time-profile","claw-code","optimal","8","8","specialized Array.withUnsafeBufferPointer<A, B>(_:)","66","swift_array"
"claw-code-optimal-n8.time-profile.xml","time-profile","claw-code","optimal","8","9","specialized _ArrayBuffer.withUnsafeBufferPointer<A, B>(_:)","66","swift_array"
"claw-code-optimal-n8.time-profile.xml","time-profile","claw-code","optimal","8","10","closure #2 in static LZFSEv1.encodeBlockV3(triplets:literals:rawBytes:)","64","encode"
"claw-code-optimal-n8.time-profile.xml","time-profile","claw-code","optimal","8","11","specialized emitGreedy #1 (at:len:dist:) in closure #1 in static LZFSEv1.lzParseOptimal(_:maxL:maxM:maxDist:)","60","parse"
"claw-code-optimal-n8.time-profile.xml","time-profile","claw-code","optimal","8","12","specialized _ArrayBuffer.beginCOWMutation()","56","swift_array"
"claw-code-optimal-n8.time-profile.xml","time-profile","claw-code","optimal","8","13","specialized Array._makeMutableAndUnique()","52","swift_array"
"claw-code-optimal-n8.time-profile.xml","time-profile","claw-code","optimal","8","14","matchLength #1 (_:_:limit:) in closure #1 in static LZFSEv1.lzParseOptimal(_:maxL:maxM:maxDist:)","48","parse"
"claw-code-optimal-n8.time-profile.xml","time-profile","claw-code","optimal","8","15","specialized Array._getElement(_:wasNativeTypeChecked:matchingSubscriptCheck:)","41","swift_array"
"claw-code-optimal-n8.time-profile.xml","time-profile","claw-code","optimal","8","16","static LZFSEv1.fseEncode(state:_:_:)","38","fse"
"claw-code-optimal-n8.time-profile.xml","time-profile","claw-code","optimal","8","17","dSym #1 (_:) in closure #1 in static LZFSEv1.lzParseOptimal(_:maxL:maxM:maxDist:)","35","parse"
"claw-code-optimal-n8.time-profile.xml","time-profile","claw-code","optimal","8","18","specialized Array._checkSubscript(_:wasNativeTypeChecked:)","33","swift_array"
"claw-code-optimal-n8.time-profile.xml","time-profile","claw-code","optimal","8","19","specialized Array.append(_:)","32","swift_array"
"claw-code-optimal-n8.time-profile.xml","time-profile","claw-code","optimal","8","20","insert #1 (_:) in closure #1 in static LZFSEv1.lzParseOptimal(_:maxL:maxM:maxDist:)","31","parse"
"claw-code-optimal-n8.time-profile.xml","time-profile","claw-code","optimal","8","21","specialized Array.append<A>(contentsOf:)","30","swift_array"
"claw-code-optimal-n8.time-profile.xml","time-profile","claw-code","optimal","8","22","specialized IndexingIterator.next()","29","swift_array"
"claw-code-optimal-n8.time-profile.xml","time-profile","claw-code","optimal","8","23","swift_beginAccess","26","swift_runtime"
"claw-code-optimal-n8.time-profile.xml","time-profile","claw-code","optimal","8","24","specialized pushRun #1 (l:m:d:) in static LZFSEv1.lzParseOptimal(_:maxL:maxM:maxDist:)","25","parse"
"claw-code-optimal-n8.time-profile.xml","time-profile","claw-code","optimal","8","25","specialized min<A>(_:_:)","19","other"
"claw-code-optimal-n8.time-profile.xml","time-profile","claw-code","optimal","8","26","specialized Array._checkSubscript_mutating(_:)","19","swift_array"
"claw-code-optimal-n8.time-profile.xml","time-profile","claw-code","optimal","8","27","specialized _ArrayBuffer._checkValidSubscriptMutating(_:)","19","swift_array"
"claw-code-optimal-n8.time-profile.xml","time-profile","claw-code","optimal","8","28","_platform_memmove","19","memory_copy"
"claw-code-optimal-n8.time-profile.xml","time-profile","claw-code","optimal","8","29","static LZFSEv1.compressBody(_:strong:bvx3:lazy2:optimal:optimal3:)","17","encode"
"claw-code-optimal-n8.time-profile.xml","time-profile","claw-code","optimal","8","30","LZFSEv1.FSEOutStream.flush()","17","fse"
"claw-code-optimal3-n4.time-profile.xml","time-profile","claw-code","optimal3","4","1","specialized closure #1 in static LZFSEv1.lzParseOptimal2(_:maxL:maxM:maxDist:)","663","parse"
"claw-code-optimal3-n4.time-profile.xml","time-profile","claw-code","optimal3","4","2","specialized static LZFSEv1.encodeBlock(triplets:literals:rawBytes:)","233","encode"
"claw-code-optimal3-n4.time-profile.xml","time-profile","claw-code","optimal3","4","3","specialized emitSteps #1 (_:from:) in closure #1 in static LZFSEv1.lzParseOptimal2(_:maxL:maxM:maxDist:)","97","parse"
"claw-code-optimal3-n4.time-profile.xml","time-profile","claw-code","optimal3","4","4","specialized rebuildPrices #1 () in static LZFSEv1.lzParseOptimal2(_:maxL:maxM:maxDist:)","80","parse"
"claw-code-optimal3-n4.time-profile.xml","time-profile","claw-code","optimal3","4","5","specialized Array.subscript.getter","60","swift_array"
"claw-code-optimal3-n4.time-profile.xml","time-profile","claw-code","optimal3","4","6","specialized Array.withUnsafeBufferPointer<A, B>(_:)","52","swift_array"
"claw-code-optimal3-n4.time-profile.xml","time-profile","claw-code","optimal3","4","7","specialized _ArrayBuffer.withUnsafeBufferPointer<A, B>(_:)","52","swift_array"
"claw-code-optimal3-n4.time-profile.xml","time-profile","claw-code","optimal3","4","8","static LZFSEv1.symbol(forValue:base:)","51","fse"
"claw-code-optimal3-n4.time-profile.xml","time-profile","claw-code","optimal3","4","9","static LZFSEv1.fseEncode(state:_:_:)","51","fse"
"claw-code-optimal3-n4.time-profile.xml","time-profile","claw-code","optimal3","4","10","closure #1 in static LZFSEv1.encodeBlock(triplets:literals:rawBytes:)","50","encode"
"claw-code-optimal3-n4.time-profile.xml","time-profile","claw-code","optimal3","4","11","specialized Array.subscript.modify","47","swift_array"
"claw-code-optimal3-n4.time-profile.xml","time-profile","claw-code","optimal3","4","12","matchLength #1 (_:_:limit:) in closure #1 in static LZFSEv1.lzParseOptimal2(_:maxL:maxM:maxDist:)","47","parse"
"claw-code-optimal3-n4.time-profile.xml","time-profile","claw-code","optimal3","4","13","specialized emitGreedy #1 (at:len:dist:) in closure #1 in static LZFSEv1.lzParseOptimal2(_:maxL:maxM:maxDist:)","42","parse"
"claw-code-optimal3-n4.time-profile.xml","time-profile","claw-code","optimal3","4","14","specialized Array._getElement(_:wasNativeTypeChecked:matchingSubscriptCheck:)","38","swift_array"
"claw-code-optimal3-n4.time-profile.xml","time-profile","claw-code","optimal3","4","15","specialized _ArrayBuffer.beginCOWMutation()","32","swift_array"
"claw-code-optimal3-n4.time-profile.xml","time-profile","claw-code","optimal3","4","16","specialized Array._makeMutableAndUnique()","29","swift_array"
"claw-code-optimal3-n4.time-profile.xml","time-profile","claw-code","optimal3","4","17","specialized Array.append(_:)","26","swift_array"
"claw-code-optimal3-n4.time-profile.xml","time-profile","claw-code","optimal3","4","18","specialized Array.append<A>(contentsOf:)","21","swift_array"
"claw-code-optimal3-n4.time-profile.xml","time-profile","claw-code","optimal3","4","19","specialized Array._checkSubscript(_:wasNativeTypeChecked:)","21","swift_array"
"claw-code-optimal3-n4.time-profile.xml","time-profile","claw-code","optimal3","4","20","dSym #1 (_:) in closure #1 in static LZFSEv1.lzParseOptimal2(_:maxL:maxM:maxDist:)","20","parse"
"claw-code-optimal3-n4.time-profile.xml","time-profile","claw-code","optimal3","4","21","insert #1 (_:) in closure #1 in static LZFSEv1.lzParseOptimal2(_:maxL:maxM:maxDist:)","19","parse"
"claw-code-optimal3-n4.time-profile.xml","time-profile","claw-code","optimal3","4","22","specialized pushRun #1 (l:m:d:) in static LZFSEv1.lzParseOptimal2(_:maxL:maxM:maxDist:)","18","parse"
"claw-code-optimal3-n4.time-profile.xml","time-profile","claw-code","optimal3","4","23","LZFSEv1.FSEOutStream.push(_:_:)","18","fse"
"claw-code-optimal3-n4.time-profile.xml","time-profile","claw-code","optimal3","4","24","swift_beginAccess","17","swift_runtime"
"claw-code-optimal3-n4.time-profile.xml","time-profile","claw-code","optimal3","4","25","specialized IndexingIterator.next()","17","swift_array"
"claw-code-optimal3-n4.time-profile.xml","time-profile","claw-code","optimal3","4","26","specialized Array._checkSubscript_mutating(_:)","16","swift_array"
"claw-code-optimal3-n4.time-profile.xml","time-profile","claw-code","optimal3","4","27","specialized _ArrayBuffer._checkValidSubscriptMutating(_:)","16","swift_array"
"claw-code-optimal3-n4.time-profile.xml","time-profile","claw-code","optimal3","4","28","static LZFSEv1.compressBody(_:strong:bvx3:lazy2:optimal:optimal3:)","15","encode"
"claw-code-optimal3-n4.time-profile.xml","time-profile","claw-code","optimal3","4","29","_platform_memmove","15","memory_copy"
"claw-code-optimal3-n4.time-profile.xml","time-profile","claw-code","optimal3","4","30","specialized min<A>(_:_:)","13","other"
"claw-code-optimal3-n40.time-profile.xml","time-profile","claw-code","optimal3","40","1","specialized closure #1 in static LZFSEv1.lzParseOptimal2(_:maxL:maxM:maxDist:)","789","parse"
"claw-code-optimal3-n40.time-profile.xml","time-profile","claw-code","optimal3","40","2","specialized static LZFSEv1.encodeBlock(triplets:literals:rawBytes:)","269","encode"
"claw-code-optimal3-n40.time-profile.xml","time-profile","claw-code","optimal3","40","3","specialized emitSteps #1 (_:from:) in closure #1 in static LZFSEv1.lzParseOptimal2(_:maxL:maxM:maxDist:)","147","parse"
"claw-code-optimal3-n40.time-profile.xml","time-profile","claw-code","optimal3","40","4","specialized rebuildPrices #1 () in static LZFSEv1.lzParseOptimal2(_:maxL:maxM:maxDist:)","108","parse"
"claw-code-optimal3-n40.time-profile.xml","time-profile","claw-code","optimal3","40","5","specialized Array.subscript.getter","78","swift_array"
"claw-code-optimal3-n40.time-profile.xml","time-profile","claw-code","optimal3","40","6","specialized Array.subscript.modify","66","swift_array"
"claw-code-optimal3-n40.time-profile.xml","time-profile","claw-code","optimal3","40","7","static LZFSEv1.symbol(forValue:base:)","60","fse"
"claw-code-optimal3-n40.time-profile.xml","time-profile","claw-code","optimal3","40","8","specialized Array._getElement(_:wasNativeTypeChecked:matchingSubscriptCheck:)","56","swift_array"
"claw-code-optimal3-n40.time-profile.xml","time-profile","claw-code","optimal3","40","9","specialized Array.withUnsafeBufferPointer<A, B>(_:)","54","swift_array"
"claw-code-optimal3-n40.time-profile.xml","time-profile","claw-code","optimal3","40","10","specialized _ArrayBuffer.withUnsafeBufferPointer<A, B>(_:)","54","swift_array"
"claw-code-optimal3-n40.time-profile.xml","time-profile","claw-code","optimal3","40","11","specialized emitGreedy #1 (at:len:dist:) in closure #1 in static LZFSEv1.lzParseOptimal2(_:maxL:maxM:maxDist:)","52","parse"
"claw-code-optimal3-n40.time-profile.xml","time-profile","claw-code","optimal3","40","12","closure #1 in static LZFSEv1.encodeBlock(triplets:literals:rawBytes:)","52","encode"
"claw-code-optimal3-n40.time-profile.xml","time-profile","claw-code","optimal3","40","13","matchLength #1 (_:_:limit:) in closure #1 in static LZFSEv1.lzParseOptimal2(_:maxL:maxM:maxDist:)","49","parse"
"claw-code-optimal3-n40.time-profile.xml","time-profile","claw-code","optimal3","40","14","static LZFSEv1.fseEncode(state:_:_:)","44","fse"
"claw-code-optimal3-n40.time-profile.xml","time-profile","claw-code","optimal3","40","15","specialized _ArrayBuffer.beginCOWMutation()","41","swift_array"
"claw-code-optimal3-n40.time-profile.xml","time-profile","claw-code","optimal3","40","16","specialized Array._makeMutableAndUnique()","37","swift_array"
"claw-code-optimal3-n40.time-profile.xml","time-profile","claw-code","optimal3","40","17","specialized Array.append(_:)","31","swift_array"
"claw-code-optimal3-n40.time-profile.xml","time-profile","claw-code","optimal3","40","18","specialized Array.append<A>(contentsOf:)","26","swift_array"
"claw-code-optimal3-n40.time-profile.xml","time-profile","claw-code","optimal3","40","19","specialized pushRun #1 (l:m:d:) in static LZFSEv1.lzParseOptimal2(_:maxL:maxM:maxDist:)","25","parse"
"claw-code-optimal3-n40.time-profile.xml","time-profile","claw-code","optimal3","40","20","insert #1 (_:) in closure #1 in static LZFSEv1.lzParseOptimal2(_:maxL:maxM:maxDist:)","25","parse"
"claw-code-optimal3-n40.time-profile.xml","time-profile","claw-code","optimal3","40","21","swift_beginAccess","24","swift_runtime"
"claw-code-optimal3-n40.time-profile.xml","time-profile","claw-code","optimal3","40","22","dSym #1 (_:) in closure #1 in static LZFSEv1.lzParseOptimal2(_:maxL:maxM:maxDist:)","24","parse"
"claw-code-optimal3-n40.time-profile.xml","time-profile","claw-code","optimal3","40","23","specialized Array._checkSubscript(_:wasNativeTypeChecked:)","20","swift_array"
"claw-code-optimal3-n40.time-profile.xml","time-profile","claw-code","optimal3","40","24","_platform_memmove","18","memory_copy"
"claw-code-optimal3-n40.time-profile.xml","time-profile","claw-code","optimal3","40","25","static LZFSEv1.compressBody(_:strong:bvx3:lazy2:optimal:optimal3:)","16","encode"
"claw-code-optimal3-n40.time-profile.xml","time-profile","claw-code","optimal3","40","26","specialized IndexingIterator.next()","15","swift_array"
"claw-code-optimal3-n40.time-profile.xml","time-profile","claw-code","optimal3","40","27","specialized Array._makeUniqueAndReserveCapacityIfNotUnique()","15","swift_array"
"claw-code-optimal3-n40.time-profile.xml","time-profile","claw-code","optimal3","40","28","log2","15","other"
"claw-code-optimal3-n40.time-profile.xml","time-profile","claw-code","optimal3","40","29","static LZFSEv1.lzParseOptimal2(_:maxL:maxM:maxDist:)","14","parse"
"claw-code-optimal3-n40.time-profile.xml","time-profile","claw-code","optimal3","40","30","specialized Array._checkSubscript_mutating(_:)","14","swift_array"
"claw-code-optimal3-n8.time-profile.xml","time-profile","claw-code","optimal3","8","1","specialized closure #1 in static LZFSEv1.lzParseOptimal2(_:maxL:maxM:maxDist:)","744","parse"
"claw-code-optimal3-n8.time-profile.xml","time-profile","claw-code","optimal3","8","2","specialized static LZFSEv1.encodeBlock(triplets:literals:rawBytes:)","271","encode"
"claw-code-optimal3-n8.time-profile.xml","time-profile","claw-code","optimal3","8","3","specialized emitSteps #1 (_:from:) in closure #1 in static LZFSEv1.lzParseOptimal2(_:maxL:maxM:maxDist:)","145","parse"
"claw-code-optimal3-n8.time-profile.xml","time-profile","claw-code","optimal3","8","4","specialized rebuildPrices #1 () in static LZFSEv1.lzParseOptimal2(_:maxL:maxM:maxDist:)","98","parse"
"claw-code-optimal3-n8.time-profile.xml","time-profile","claw-code","optimal3","8","5","specialized Array.subscript.getter","76","swift_array"
"claw-code-optimal3-n8.time-profile.xml","time-profile","claw-code","optimal3","8","6","specialized Array.subscript.modify","64","swift_array"
"claw-code-optimal3-n8.time-profile.xml","time-profile","claw-code","optimal3","8","7","static LZFSEv1.symbol(forValue:base:)","57","fse"
"claw-code-optimal3-n8.time-profile.xml","time-profile","claw-code","optimal3","8","8","specialized Array._getElement(_:wasNativeTypeChecked:matchingSubscriptCheck:)","54","swift_array"
"claw-code-optimal3-n8.time-profile.xml","time-profile","claw-code","optimal3","8","9","specialized Array.withUnsafeBufferPointer<A, B>(_:)","51","swift_array"
"claw-code-optimal3-n8.time-profile.xml","time-profile","claw-code","optimal3","8","10","specialized _ArrayBuffer.withUnsafeBufferPointer<A, B>(_:)","51","swift_array"
"claw-code-optimal3-n8.time-profile.xml","time-profile","claw-code","optimal3","8","11","closure #1 in static LZFSEv1.encodeBlock(triplets:literals:rawBytes:)","49","encode"
"claw-code-optimal3-n8.time-profile.xml","time-profile","claw-code","optimal3","8","12","static LZFSEv1.fseEncode(state:_:_:)","47","fse"
"claw-code-optimal3-n8.time-profile.xml","time-profile","claw-code","optimal3","8","13","specialized emitGreedy #1 (at:len:dist:) in closure #1 in static LZFSEv1.lzParseOptimal2(_:maxL:maxM:maxDist:)","46","parse"
"claw-code-optimal3-n8.time-profile.xml","time-profile","claw-code","optimal3","8","14","matchLength #1 (_:_:limit:) in closure #1 in static LZFSEv1.lzParseOptimal2(_:maxL:maxM:maxDist:)","41","parse"
"claw-code-optimal3-n8.time-profile.xml","time-profile","claw-code","optimal3","8","15","specialized _ArrayBuffer.beginCOWMutation()","40","swift_array"
"claw-code-optimal3-n8.time-profile.xml","time-profile","claw-code","optimal3","8","16","specialized Array._makeMutableAndUnique()","36","swift_array"
"claw-code-optimal3-n8.time-profile.xml","time-profile","claw-code","optimal3","8","17","specialized Array.append(_:)","33","swift_array"
"claw-code-optimal3-n8.time-profile.xml","time-profile","claw-code","optimal3","8","18","specialized Array.append<A>(contentsOf:)","27","swift_array"
"claw-code-optimal3-n8.time-profile.xml","time-profile","claw-code","optimal3","8","19","insert #1 (_:) in closure #1 in static LZFSEv1.lzParseOptimal2(_:maxL:maxM:maxDist:)","25","parse"
"claw-code-optimal3-n8.time-profile.xml","time-profile","claw-code","optimal3","8","20","specialized pushRun #1 (l:m:d:) in static LZFSEv1.lzParseOptimal2(_:maxL:maxM:maxDist:)","23","parse"
"claw-code-optimal3-n8.time-profile.xml","time-profile","claw-code","optimal3","8","21","swift_beginAccess","22","swift_runtime"
"claw-code-optimal3-n8.time-profile.xml","time-profile","claw-code","optimal3","8","22","specialized Array._checkSubscript(_:wasNativeTypeChecked:)","20","swift_array"
"claw-code-optimal3-n8.time-profile.xml","time-profile","claw-code","optimal3","8","23","dSym #1 (_:) in closure #1 in static LZFSEv1.lzParseOptimal2(_:maxL:maxM:maxDist:)","20","parse"
"claw-code-optimal3-n8.time-profile.xml","time-profile","claw-code","optimal3","8","24","static LZFSEv1.compressBody(_:strong:bvx3:lazy2:optimal:optimal3:)","19","encode"
"claw-code-optimal3-n8.time-profile.xml","time-profile","claw-code","optimal3","8","25","specialized Array._makeUniqueAndReserveCapacityIfNotUnique()","17","swift_array"
"claw-code-optimal3-n8.time-profile.xml","time-profile","claw-code","optimal3","8","26","_platform_memmove","17","memory_copy"
"claw-code-optimal3-n8.time-profile.xml","time-profile","claw-code","optimal3","8","27","specialized IndexingIterator.next()","15","swift_array"
"claw-code-optimal3-n8.time-profile.xml","time-profile","claw-code","optimal3","8","28","specialized Array._checkSubscript_mutating(_:)","15","swift_array"
"claw-code-optimal3-n8.time-profile.xml","time-profile","claw-code","optimal3","8","29","specialized _ArrayBuffer._consumeAndCreateNew(bufferIsUnique:minimumCapacity:growForAppend:)","15","swift_array"
"claw-code-optimal3-n8.time-profile.xml","time-profile","claw-code","optimal3","8","30","specialized _ArrayBuffer._checkValidSubscriptMutating(_:)","15","swift_array"
"claw-code-other3-n4.time-profile.xml","time-profile","claw-code","other3","4","1","specialized static LZFSEv1.encodeBlock(triplets:literals:rawBytes:)","260","encode"
"claw-code-other3-n4.time-profile.xml","time-profile","claw-code","other3","4","2","specialized Array.withUnsafeBufferPointer<A, B>(_:)","169","swift_array"
"claw-code-other3-n4.time-profile.xml","time-profile","claw-code","other3","4","3","specialized _ArrayBuffer.withUnsafeBufferPointer<A, B>(_:)","169","swift_array"
"claw-code-other3-n4.time-profile.xml","time-profile","claw-code","other3","4","4","specialized static LZFSEv1.lzParseStrong(_:maxL:maxM:maxDist:)","121","parse"
"claw-code-other3-n4.time-profile.xml","time-profile","claw-code","other3","4","5","closure #1 in static LZFSEv1.lzParseStrong(_:maxL:maxM:maxDist:)","120","parse"
"claw-code-other3-n4.time-profile.xml","time-profile","claw-code","other3","4","6","bestMatch #1 (_:) in closure #1 in static LZFSEv1.lzParseStrong(_:maxL:maxM:maxDist:)","59","parse"
"claw-code-other3-n4.time-profile.xml","time-profile","claw-code","other3","4","7","specialized Array.subscript.getter","52","swift_array"
"claw-code-other3-n4.time-profile.xml","time-profile","claw-code","other3","4","8","static LZFSEv1.fseEncode(state:_:_:)","51","fse"
"claw-code-other3-n4.time-profile.xml","time-profile","claw-code","other3","4","9","closure #1 in static LZFSEv1.encodeBlock(triplets:literals:rawBytes:)","48","encode"
"claw-code-other3-n4.time-profile.xml","time-profile","claw-code","other3","4","10","static LZFSEv1.symbol(forValue:base:)","33","fse"
"claw-code-other3-n4.time-profile.xml","time-profile","claw-code","other3","4","11","specialized Array._getElement(_:wasNativeTypeChecked:matchingSubscriptCheck:)","33","swift_array"
"claw-code-other3-n4.time-profile.xml","time-profile","claw-code","other3","4","12","specialized Array.append(_:)","26","swift_array"
"claw-code-other3-n4.time-profile.xml","time-profile","claw-code","other3","4","13","specialized Array.append<A>(contentsOf:)","25","swift_array"
"claw-code-other3-n4.time-profile.xml","time-profile","claw-code","other3","4","14","specialized pushRun #1 (l:m:d:) in static LZFSEv1.lzParseStrong(_:maxL:maxM:maxDist:)","24","parse"
"claw-code-other3-n4.time-profile.xml","time-profile","claw-code","other3","4","15","specialized Array.subscript.modify","24","swift_array"
"claw-code-other3-n4.time-profile.xml","time-profile","claw-code","other3","4","16","specialized Array._checkSubscript(_:wasNativeTypeChecked:)","19","swift_array"
"claw-code-other3-n4.time-profile.xml","time-profile","claw-code","other3","4","17","matchLength #1 (_:_:limit:) in closure #1 in static LZFSEv1.lzParseStrong(_:maxL:maxM:maxDist:)","17","parse"
"claw-code-other3-n4.time-profile.xml","time-profile","claw-code","other3","4","18","insert #1 (_:) in closure #1 in static LZFSEv1.lzParseStrong(_:maxL:maxM:maxDist:)","17","parse"
"claw-code-other3-n4.time-profile.xml","time-profile","claw-code","other3","4","19","specialized IndexingIterator.next()","16","swift_array"
"claw-code-other3-n4.time-profile.xml","time-profile","claw-code","other3","4","20","specialized _ArrayBuffer.beginCOWMutation()","16","swift_array"
"claw-code-other3-n4.time-profile.xml","time-profile","claw-code","other3","4","21","_platform_memmove","16","memory_copy"
"claw-code-other3-n4.time-profile.xml","time-profile","claw-code","other3","4","22","static LZFSEv1.compressBody(_:strong:bvx3:lazy2:optimal:optimal3:)","15","encode"
"claw-code-other3-n4.time-profile.xml","time-profile","claw-code","other3","4","23","LZFSEv1.FSEOutStream.push(_:_:)","15","fse"
"claw-code-other3-n4.time-profile.xml","time-profile","claw-code","other3","4","24","swift_beginAccess","14","swift_runtime"
"claw-code-other3-n4.time-profile.xml","time-profile","claw-code","other3","4","25","specialized Array._makeUniqueAndReserveCapacityIfNotUnique()","11","swift_array"
"claw-code-other3-n4.time-profile.xml","time-profile","claw-code","other3","4","26","specialized Array._makeMutableAndUnique()","11","swift_array"
"claw-code-other3-n4.time-profile.xml","time-profile","claw-code","other3","4","27","specialized static LZFSEv1.initEncoderTable(nstates:freq:)","10","other"
"claw-code-other3-n4.time-profile.xml","time-profile","claw-code","other3","4","28","specialized Array._checkSubscript_mutating(_:)","10","swift_array"
"claw-code-other3-n4.time-profile.xml","time-profile","claw-code","other3","4","29","specialized _ArrayBuffer._checkValidSubscriptMutating(_:)","10","swift_array"
"claw-code-other3-n4.time-profile.xml","time-profile","claw-code","other3","4","30","specialized Array.init(repeating:count:)","8","swift_array"
"claw-code-other3-n40.time-profile.xml","time-profile","claw-code","other3","40","1","specialized static LZFSEv1.encodeBlock(triplets:literals:rawBytes:)","290","encode"
"claw-code-other3-n40.time-profile.xml","time-profile","claw-code","other3","40","2","specialized Array.withUnsafeBufferPointer<A, B>(_:)","170","swift_array"
"claw-code-other3-n40.time-profile.xml","time-profile","claw-code","other3","40","3","specialized _ArrayBuffer.withUnsafeBufferPointer<A, B>(_:)","170","swift_array"
"claw-code-other3-n40.time-profile.xml","time-profile","claw-code","other3","40","4","specialized static LZFSEv1.lzParseStrong(_:maxL:maxM:maxDist:)","124","parse"
"claw-code-other3-n40.time-profile.xml","time-profile","claw-code","other3","40","5","closure #1 in static LZFSEv1.lzParseStrong(_:maxL:maxM:maxDist:)","122","parse"
"claw-code-other3-n40.time-profile.xml","time-profile","claw-code","other3","40","6","specialized Array.subscript.getter","60","swift_array"
"claw-code-other3-n40.time-profile.xml","time-profile","claw-code","other3","40","7","bestMatch #1 (_:) in closure #1 in static LZFSEv1.lzParseStrong(_:maxL:maxM:maxDist:)","60","parse"
"claw-code-other3-n40.time-profile.xml","time-profile","claw-code","other3","40","8","closure #1 in static LZFSEv1.encodeBlock(triplets:literals:rawBytes:)","47","encode"
"claw-code-other3-n40.time-profile.xml","time-profile","claw-code","other3","40","9","static LZFSEv1.fseEncode(state:_:_:)","44","fse"
"claw-code-other3-n40.time-profile.xml","time-profile","claw-code","other3","40","10","specialized Array._getElement(_:wasNativeTypeChecked:matchingSubscriptCheck:)","39","swift_array"
"claw-code-other3-n40.time-profile.xml","time-profile","claw-code","other3","40","11","static LZFSEv1.symbol(forValue:base:)","33","fse"
"claw-code-other3-n40.time-profile.xml","time-profile","claw-code","other3","40","12","specialized Array.append(_:)","31","swift_array"
"claw-code-other3-n40.time-profile.xml","time-profile","claw-code","other3","40","13","specialized Array.subscript.modify","29","swift_array"
"claw-code-other3-n40.time-profile.xml","time-profile","claw-code","other3","40","14","specialized Array.append<A>(contentsOf:)","28","swift_array"
"claw-code-other3-n40.time-profile.xml","time-profile","claw-code","other3","40","15","specialized pushRun #1 (l:m:d:) in static LZFSEv1.lzParseStrong(_:maxL:maxM:maxDist:)","22","parse"
"claw-code-other3-n40.time-profile.xml","time-profile","claw-code","other3","40","16","insert #1 (_:) in closure #1 in static LZFSEv1.lzParseStrong(_:maxL:maxM:maxDist:)","21","parse"
"claw-code-other3-n40.time-profile.xml","time-profile","claw-code","other3","40","17","_platform_memmove","20","memory_copy"
"claw-code-other3-n40.time-profile.xml","time-profile","claw-code","other3","40","18","specialized IndexingIterator.next()","19","swift_array"
"claw-code-other3-n40.time-profile.xml","time-profile","claw-code","other3","40","19","specialized Array._checkSubscript(_:wasNativeTypeChecked:)","19","swift_array"
"claw-code-other3-n40.time-profile.xml","time-profile","claw-code","other3","40","20","swift_beginAccess","18","swift_runtime"
"claw-code-other3-n40.time-profile.xml","time-profile","claw-code","other3","40","21","static LZFSEv1.compressBody(_:strong:bvx3:lazy2:optimal:optimal3:)","16","encode"
"claw-code-other3-n40.time-profile.xml","time-profile","claw-code","other3","40","22","matchLength #1 (_:_:limit:) in closure #1 in static LZFSEv1.lzParseStrong(_:maxL:maxM:maxDist:)","16","parse"
"claw-code-other3-n40.time-profile.xml","time-profile","claw-code","other3","40","23","LZFSEv1.FSEOutStream.push(_:_:)","16","fse"
"claw-code-other3-n40.time-profile.xml","time-profile","claw-code","other3","40","24","specialized _ArrayBuffer.beginCOWMutation()","15","swift_array"
"claw-code-other3-n40.time-profile.xml","time-profile","claw-code","other3","40","25","_xzm_xzone_malloc_tiny","13","other"
"claw-code-other3-n40.time-profile.xml","time-profile","claw-code","other3","40","26","specialized Array._makeUniqueAndReserveCapacityIfNotUnique()","12","swift_array"
"claw-code-other3-n40.time-profile.xml","time-profile","claw-code","other3","40","27","specialized Array._makeMutableAndUnique()","12","swift_array"
"claw-code-other3-n40.time-profile.xml","time-profile","claw-code","other3","40","28","specialized Array._checkSubscript_mutating(_:)","12","swift_array"
"claw-code-other3-n40.time-profile.xml","time-profile","claw-code","other3","40","29","specialized _ArrayBuffer._checkValidSubscriptMutating(_:)","12","swift_array"
"claw-code-other3-n40.time-profile.xml","time-profile","claw-code","other3","40","30","specialized static LZFSEv1.initEncoderTable(nstates:freq:)","11","other"
"claw-code-other3-n8.time-profile.xml","time-profile","claw-code","other3","8","1","specialized static LZFSEv1.encodeBlock(triplets:literals:rawBytes:)","275","encode"
"claw-code-other3-n8.time-profile.xml","time-profile","claw-code","other3","8","2","specialized Array.withUnsafeBufferPointer<A, B>(_:)","167","swift_array"
"claw-code-other3-n8.time-profile.xml","time-profile","claw-code","other3","8","3","specialized _ArrayBuffer.withUnsafeBufferPointer<A, B>(_:)","167","swift_array"
"claw-code-other3-n8.time-profile.xml","time-profile","claw-code","other3","8","4","specialized static LZFSEv1.lzParseStrong(_:maxL:maxM:maxDist:)","122","parse"
"claw-code-other3-n8.time-profile.xml","time-profile","claw-code","other3","8","5","closure #1 in static LZFSEv1.lzParseStrong(_:maxL:maxM:maxDist:)","121","parse"
"claw-code-other3-n8.time-profile.xml","time-profile","claw-code","other3","8","6","bestMatch #1 (_:) in closure #1 in static LZFSEv1.lzParseStrong(_:maxL:maxM:maxDist:)","61","parse"
"claw-code-other3-n8.time-profile.xml","time-profile","claw-code","other3","8","7","specialized Array.subscript.getter","60","swift_array"
"claw-code-other3-n8.time-profile.xml","time-profile","claw-code","other3","8","8","closure #1 in static LZFSEv1.encodeBlock(triplets:literals:rawBytes:)","45","encode"
"claw-code-other3-n8.time-profile.xml","time-profile","claw-code","other3","8","9","static LZFSEv1.fseEncode(state:_:_:)","43","fse"
"claw-code-other3-n8.time-profile.xml","time-profile","claw-code","other3","8","10","specialized Array._getElement(_:wasNativeTypeChecked:matchingSubscriptCheck:)","38","swift_array"
"claw-code-other3-n8.time-profile.xml","time-profile","claw-code","other3","8","11","specialized Array.append<A>(contentsOf:)","29","swift_array"
"claw-code-other3-n8.time-profile.xml","time-profile","claw-code","other3","8","12","static LZFSEv1.symbol(forValue:base:)","28","fse"
"claw-code-other3-n8.time-profile.xml","time-profile","claw-code","other3","8","13","specialized Array.subscript.modify","28","swift_array"
"claw-code-other3-n8.time-profile.xml","time-profile","claw-code","other3","8","14","specialized Array.append(_:)","28","swift_array"
"claw-code-other3-n8.time-profile.xml","time-profile","claw-code","other3","8","15","specialized Array._checkSubscript(_:wasNativeTypeChecked:)","20","swift_array"
"claw-code-other3-n8.time-profile.xml","time-profile","claw-code","other3","8","16","specialized pushRun #1 (l:m:d:) in static LZFSEv1.lzParseStrong(_:maxL:maxM:maxDist:)","19","parse"
"claw-code-other3-n8.time-profile.xml","time-profile","claw-code","other3","8","17","insert #1 (_:) in closure #1 in static LZFSEv1.lzParseStrong(_:maxL:maxM:maxDist:)","19","parse"
"claw-code-other3-n8.time-profile.xml","time-profile","claw-code","other3","8","18","swift_beginAccess","18","swift_runtime"
"claw-code-other3-n8.time-profile.xml","time-profile","claw-code","other3","8","19","specialized IndexingIterator.next()","18","swift_array"
"claw-code-other3-n8.time-profile.xml","time-profile","claw-code","other3","8","20","_platform_memmove","18","memory_copy"
"claw-code-other3-n8.time-profile.xml","time-profile","claw-code","other3","8","21","matchLength #1 (_:_:limit:) in closure #1 in static LZFSEv1.lzParseStrong(_:maxL:maxM:maxDist:)","17","parse"
"claw-code-other3-n8.time-profile.xml","time-profile","claw-code","other3","8","22","static LZFSEv1.compressBody(_:strong:bvx3:lazy2:optimal:optimal3:)","16","encode"
"claw-code-other3-n8.time-profile.xml","time-profile","claw-code","other3","8","23","LZFSEv1.FSEOutStream.push(_:_:)","15","fse"
"claw-code-other3-n8.time-profile.xml","time-profile","claw-code","other3","8","24","specialized _ArrayBuffer.beginCOWMutation()","14","swift_array"
"claw-code-other3-n8.time-profile.xml","time-profile","claw-code","other3","8","25","specialized Array._checkSubscript_mutating(_:)","12","swift_array"
"claw-code-other3-n8.time-profile.xml","time-profile","claw-code","other3","8","26","specialized _ArrayBuffer._checkValidSubscriptMutating(_:)","12","swift_array"
"claw-code-other3-n8.time-profile.xml","time-profile","claw-code","other3","8","27","swift_endAccess","11","swift_runtime"
"claw-code-other3-n8.time-profile.xml","time-profile","claw-code","other3","8","28","specialized Array._makeUniqueAndReserveCapacityIfNotUnique()","11","swift_array"
"claw-code-other3-n8.time-profile.xml","time-profile","claw-code","other3","8","29","specialized Array._makeMutableAndUnique()","11","swift_array"
"claw-code-other3-n8.time-profile.xml","time-profile","claw-code","other3","8","30","specialized static LZFSEv1.initEncoderTable(nstates:freq:)","10","other"
"claw-code-tar.lz4.time-profile.xml","time-profile","claw-code","tar.lz4","1","LZ4HC_compress_generic_noDictCtx","295","","other"
"claw-code-tar.lz4.time-profile.xml","time-profile","claw-code","tar.lz4","2","LZ4IO_readAndProcess","5","","other"
"claw-code-tar.lz4.time-profile.xml","time-profile","claw-code","tar.lz4","3","LZ4IO_compressFilename_extRess_MT","4","","other"
"claw-code-tar.lz4.time-profile.xml","time-profile","claw-code","tar.lz4","4","LZ4_XXH32_update","4","","other"
"claw-code-tar.lz4.time-profile.xml","time-profile","claw-code","tar.lz4","5","TPool_thread","2","","other"
"claw-code-tar.lz4.time-profile.xml","time-profile","claw-code","tar.lz4","6","start","2","","other"
"claw-code-tar.lz4.time-profile.xml","time-profile","claw-code","tar.lz4","7","LZ4IO_compressFrameChunk","2","","other"
"claw-code-tar.lz4.time-profile.xml","time-profile","claw-code","tar.lz4","8","LZ4IO_checkWriteOrder","2","","other"
"claw-code-tar.lz4.time-profile.xml","time-profile","claw-code","tar.lz4","9","LZ4F_compressUpdateImpl","2","","other"
"claw-code-tar.lz4.time-profile.xml","time-profile","claw-code","tar.lz4","10","fread","2","","other"
"claw-code-tar.lz4.time-profile.xml","time-profile","claw-code","tar.lz4","11","dyld4::Loader::hasExportedSymbol(Diagnostics&, dyld4::RuntimeState&, char const*, dyld4::Loader::ExportedSymbolMode, dyld4::Loader::ResolverMode, dyld4::Loader::ResolvedSymbol*, bool, dyld3::Array<dyld4::Loader const*>*) const","2","","other"
"claw-code-tar.lz4.time-profile.xml","time-profile","claw-code","tar.lz4","12","_pthread_cond_wait","2","","other"
"claw-code-tar.lz4.time-profile.xml","time-profile","claw-code","tar.lz4","13","__sfvwrite","2","","other"
"claw-code-tar.lz4.time-profile.xml","time-profile","claw-code","tar.lz4","14","xzm_segment_group_alloc_chunk","1","","other"
"claw-code-tar.lz4.time-profile.xml","time-profile","claw-code","tar.lz4","15","xzm_malloc_zone_try_free_default_tc","1","","other"
"claw-code-tar.lz4.time-profile.xml","time-profile","claw-code","tar.lz4","16","TPool_submitJob","1","","other"
"claw-code-tar.lz4.time-profile.xml","time-profile","claw-code","tar.lz4","17","TPool_jobsCompleted","1","","other"
"claw-code-tar.lz4.time-profile.xml","time-profile","claw-code","tar.lz4","18","thread_start","1","","other"
"claw-code-tar.lz4.time-profile.xml","time-profile","claw-code","tar.lz4","19","pthread_testcancel","1","","other"
"claw-code-tar.lz4.time-profile.xml","time-profile","claw-code","tar.lz4","20","pthread_mutex_lock","1","","other"
"claw-code-tar.lz4.time-profile.xml","time-profile","claw-code","tar.lz4","21","main","1","","other"
"claw-code-tar.lz4.time-profile.xml","time-profile","claw-code","tar.lz4","22","mach_vm_reclaim_query_state","1","","other"
"claw-code-tar.lz4.time-profile.xml","time-profile","claw-code","tar.lz4","23","mach_o::Image::forEachBindTarget(void (mach_o::Fixup::BindTarget const&, bool&) block_pointer, void (mach_o::Fixup::BindTarget const&, bool&) block_pointer) const","1","","other"
"claw-code-tar.lz4.time-profile.xml","time-profile","claw-code","tar.lz4","24","mach_o::ChainedFixups::forEachBindTarget(void (mach_o::Fixup::BindTarget const&, bool&) block_pointer, mach_o::Error*) const","1","","other"
"claw-code-tar.lz4.time-profile.xml","time-profile","claw-code","tar.lz4","25","LZ4IO_writeBuffer","1","","other"
"claw-code-tar.lz4.time-profile.xml","time-profile","claw-code","tar.lz4","26","LZ4IO_compressFilename","1","","other"
"claw-code-tar.lz4.time-profile.xml","time-profile","claw-code","tar.lz4","27","LZ4IO_compressChunk","1","","other"
"claw-code-tar.lz4.time-profile.xml","time-profile","claw-code","tar.lz4","28","LZ4IO_compressAndFreeChunk","1","","other"
"claw-code-tar.lz4.time-profile.xml","time-profile","claw-code","tar.lz4","29","LZ4F_makeBlock","1","","other"
"claw-code-tar.lz4.time-profile.xml","time-profile","claw-code","tar.lz4","30","LZ4F_compressBegin_internal","1","","other"
"claw-code-tgz.time-profile.xml","time-profile","claw-code","tgz","1","0x2cffac930","80","","other"
"claw-code-tgz.time-profile.xml","time-profile","claw-code","tgz","2","0x2cfface68","61","","other"
"claw-code-tgz.time-profile.xml","time-profile","claw-code","tgz","3","0x2cffafd08","50","","other"
"claw-code-tgz.time-profile.xml","time-profile","claw-code","tgz","4","archive_write_pax_header","25","","other"
"claw-code-tgz.time-profile.xml","time-profile","claw-code","tgz","5","0x2cffaf86c","24","","other"
"claw-code-tgz.time-profile.xml","time-profile","claw-code","tgz","6","0x2cffb00cc","21","","other"
"claw-code-tgz.time-profile.xml","time-profile","claw-code","tgz","7","copyfile","17","","other"
"claw-code-tgz.time-profile.xml","time-profile","claw-code","tgz","8","copyfile_open","10","","other"
"claw-code-tgz.time-profile.xml","time-profile","claw-code","tgz","9","setup_mac_metadata","9","","other"
"claw-code-tgz.time-profile.xml","time-profile","claw-code","tgz","10","0x2cffaf304","9","","other"
"claw-code-tgz.time-profile.xml","time-profile","claw-code","tgz","11","next_entry","8","","other"
"claw-code-tgz.time-profile.xml","time-profile","claw-code","tgz","12","copyfile_pack","8","","other"
"claw-code-tgz.time-profile.xml","time-profile","claw-code","tgz","13","0x2cffb02bc","8","","other"
"claw-code-tgz.time-profile.xml","time-profile","claw-code","tgz","14","0x2cffaaca0","8","","other"
"claw-code-tgz.time-profile.xml","time-profile","claw-code","tgz","15","_platform_memmove","8","","other"
"claw-code-tgz.time-profile.xml","time-profile","claw-code","tgz","16","_xzm_free_tc_pac","7","","other"
"claw-code-tgz.time-profile.xml","time-profile","claw-code","tgz","17","archive_entry_clear","6","","other"
"claw-code-tgz.time-profile.xml","time-profile","claw-code","tgz","18","_utf8_to_unicode","6","","other"
"claw-code-tgz.time-profile.xml","time-profile","claw-code","tgz","19","statx1","5","","other"
"claw-code-tgz.time-profile.xml","time-profile","claw-code","tgz","20","setup_xattrs","5","","other"
"claw-code-tgz.time-profile.xml","time-profile","claw-code","tgz","21","setup_sparse","5","","other"
"claw-code-tgz.time-profile.xml","time-profile","claw-code","tgz","22","archive_read_disk_entry_from_file","5","","other"
"claw-code-tgz.time-profile.xml","time-profile","claw-code","tgz","23","0x2cffab1e0","5","","other"
"claw-code-tgz.time-profile.xml","time-profile","claw-code","tgz","24","__archive_write_format_header_ustar","5","","other"
"claw-code-tgz.time-profile.xml","time-profile","claw-code","tgz","25","tree_next","4","","other"
"claw-code-tgz.time-profile.xml","time-profile","claw-code","tgz","26","filesec_set_property","4","","other"
"claw-code-tgz.time-profile.xml","time-profile","claw-code","tgz","27","archive_string_ensure","4","","other"
"claw-code-tgz.time-profile.xml","time-profile","claw-code","tgz","28","archive_mstring_clean","4","","other"
"claw-code-tgz.time-profile.xml","time-profile","claw-code","tgz","29","0x2cffb01b0","4","","other"
"claw-code-tgz.time-profile.xml","time-profile","claw-code","tgz","30","_archive_read_data_block","4","","other"
"claw-code-zstd.time-profile.xml","time-profile","claw-code","zstd","1","ZSTD_compressBlock_lazy2_row","167","","other"
"claw-code-zstd.time-profile.xml","time-profile","claw-code","zstd","2","ZSTD_RowFindBestMatch_noDict_5_4","157","","other"
"claw-code-zstd.time-profile.xml","time-profile","claw-code","zstd","3","HUF_compress1X_usingCTable_internal","44","","other"
"claw-code-zstd.time-profile.xml","time-profile","claw-code","zstd","4","HUF_buildCTable_wksp","42","","other"
"claw-code-zstd.time-profile.xml","time-profile","claw-code","zstd","5","HIST_count_parallel_wksp","41","","other"
"claw-code-zstd.time-profile.xml","time-profile","claw-code","zstd","6","FSE_buildCTable_wksp","25","","other"
"claw-code-zstd.time-profile.xml","time-profile","claw-code","zstd","7","ZSTD_encodeSequences","22","","other"
"claw-code-zstd.time-profile.xml","time-profile","claw-code","zstd","8","FSE_writeNCount_generic","17","","other"
"claw-code-zstd.time-profile.xml","time-profile","claw-code","zstd","9","ZSTD_splitBlock","14","","other"
"claw-code-zstd.time-profile.xml","time-profile","claw-code","zstd","10","ZSTD_seqToCodes","11","","other"
"claw-code-zstd.time-profile.xml","time-profile","claw-code","zstd","11","ZSTD_buildSequencesStatistics","11","","other"
"claw-code-zstd.time-profile.xml","time-profile","claw-code","zstd","12","HIST_count_simple","11","","other"
"claw-code-zstd.time-profile.xml","time-profile","claw-code","zstd","13","ZSTD_row_update","10","","other"
"claw-code-zstd.time-profile.xml","time-profile","claw-code","zstd","14","FSE_normalizeCount","10","","other"
"claw-code-zstd.time-profile.xml","time-profile","claw-code","zstd","15","ZSTD_XXH64_update","9","","other"
"claw-code-zstd.time-profile.xml","time-profile","claw-code","zstd","16","HUF_writeCTable_wksp","9","","other"
"claw-code-zstd.time-profile.xml","time-profile","claw-code","zstd","17","ZSTDMT_compressionJob","8","","other"
"claw-code-zstd.time-profile.xml","time-profile","claw-code","zstd","18","HUF_compress_internal","8","","other"
"claw-code-zstd.time-profile.xml","time-profile","claw-code","zstd","19","FSE_compress_usingCTable_generic","8","","other"
"claw-code-zstd.time-profile.xml","time-profile","claw-code","zstd","20","_platform_memmove","8","","other"
"claw-code-zstd.time-profile.xml","time-profile","claw-code","zstd","21","ZSTD_recordFingerprint_5","7","","other"
"claw-code-zstd.time-profile.xml","time-profile","claw-code","zstd","22","ZSTD_buildCTable","7","","other"
"claw-code-zstd.time-profile.xml","time-profile","claw-code","zstd","23","ZSTD_selectEncodingType","6","","other"
"claw-code-zstd.time-profile.xml","time-profile","claw-code","zstd","24","ZSTDMT_compressStream_generic","5","","other"
"claw-code-zstd.time-profile.xml","time-profile","claw-code","zstd","25","ZSTD_compressContinue_internal","5","","other"
"claw-code-zstd.time-profile.xml","time-profile","claw-code","zstd","26","POOL_thread","5","","other"
"claw-code-zstd.time-profile.xml","time-profile","claw-code","zstd","27","HUF_compress4X_usingCTable_internal","5","","other"
"claw-code-zstd.time-profile.xml","time-profile","claw-code","zstd","28","ZSTD_fseBitCost","4","","other"
"claw-code-zstd.time-profile.xml","time-profile","claw-code","zstd","29","ZSTD_entropyCompressSeqStore_internal","4","","other"
"claw-code-zstd.time-profile.xml","time-profile","claw-code","zstd","30","HUF_simpleQuickSort","4","","other"
"llama.cpp-apple-n4.time-profile.xml","time-profile","llama.cpp","apple","4","1","lzfseEncodeMatches","95","apple_lzfse"
"llama.cpp-apple-n4.time-profile.xml","time-profile","llama.cpp","apple","4","2","lzfseEncodeBase","61","apple_lzfse"
"llama.cpp-apple-n4.time-profile.xml","time-profile","llama.cpp","apple","4","3","lzfsePushMatch","20","apple_lzfse"
"llama.cpp-apple-n4.time-profile.xml","time-profile","llama.cpp","apple","4","4","_platform_memmove","7","memory_copy"
"llama.cpp-apple-n4.time-profile.xml","time-profile","llama.cpp","apple","4","5","lzfseBackendMatch","5","other"
"llama.cpp-apple-n4.time-profile.xml","time-profile","llama.cpp","apple","4","6","partial apply for closure #2 in runCLI()","4","other"
"llama.cpp-apple-n4.time-profile.xml","time-profile","llama.cpp","apple","4","7","OutputFilter.write<A>(_:)","4","io"
"llama.cpp-apple-n4.time-profile.xml","time-profile","llama.cpp","apple","4","8","closure #2 in runCLI()","4","other"
"llama.cpp-apple-n4.time-profile.xml","time-profile","llama.cpp","apple","4","9","-[NSConcreteFileHandle readDataOfLength:]","4","io"
"llama.cpp-apple-n4.time-profile.xml","time-profile","llama.cpp","apple","4","10","xzm_malloc_zone_malloc_type_realloc","3","other"
"llama.cpp-apple-n4.time-profile.xml","time-profile","llama.cpp","apple","4","11","write","3","io"
"llama.cpp-apple-n4.time-profile.xml","time-profile","llama.cpp","apple","4","12","runCLI()","3","other"
"llama.cpp-apple-n4.time-profile.xml","time-profile","llama.cpp","apple","4","13","NSFileHandle.read(upToCount:)","3","io"
"llama.cpp-apple-n4.time-profile.xml","time-profile","llama.cpp","apple","4","14","closure #1 in OutputFilter.write<A>(_:)","3","io"
"llama.cpp-apple-n4.time-profile.xml","time-profile","llama.cpp","apple","4","15","xzm_segment_group_alloc_chunk","2","other"
"llama.cpp-apple-n4.time-profile.xml","time-profile","llama.cpp","apple","4","16","start","2","external_tool"
"llama.cpp-apple-n4.time-profile.xml","time-profile","llama.cpp","apple","4","17","specialized static Data._unconditionallyBridgeFromObjectiveC(_:)","2","other"
"llama.cpp-apple-n4.time-profile.xml","time-profile","llama.cpp","apple","4","18","specialized Data.init(bytesNoCopy:count:deallocator:)","2","other"
"llama.cpp-apple-n4.time-profile.xml","time-profile","llama.cpp","apple","4","19","reallocf","2","other"
"llama.cpp-apple-n4.time-profile.xml","time-profile","llama.cpp","apple","4","20","read","2","io"
"llama.cpp-apple-n4.time-profile.xml","time-profile","llama.cpp","apple","4","21","objc_msgSend","2","other"
"llama.cpp-apple-n4.time-profile.xml","time-profile","llama.cpp","apple","4","22","NSAllocateObject","2","other"
"llama.cpp-apple-n4.time-profile.xml","time-profile","llama.cpp","apple","4","23","mach_o::Header::forEachLoadCommand(void (mach_o::Header::LoadCommandInfo const&, bool&) block_pointer, mach_o::Error*) const","2","other"
"llama.cpp-apple-n4.time-profile.xml","time-profile","llama.cpp","apple","4","24","lzfseEncodeTranslateState","2","apple_lzfse"
"llama.cpp-apple-n4.time-profile.xml","time-profile","llama.cpp","apple","4","25","dyld4::prepare(dyld4::APIs&, mach_o::UnsafeHeader const*)","2","other"
"llama.cpp-apple-n4.time-profile.xml","time-profile","llama.cpp","apple","4","26","dyld4::Loader::runInitializersBottomUp(dyld4::RuntimeState&, lsl::Vector<AuthenticatedValue<dyld4::Loader const*>>&, lsl::Vector<AuthenticatedValue<dyld4::Loader const*>>&) const","2","other"
"llama.cpp-apple-n4.time-profile.xml","time-profile","llama.cpp","apple","4","27","bool swift::RefCounts<swift::RefCountBitsT<(swift::RefCountInlinedness)1>>::doDecrementSlow<(swift::PerformDeinit)1>(swift::RefCountBitsT<(swift::RefCountInlinedness)1>, unsigned int)","2","other"
"llama.cpp-apple-n4.time-profile.xml","time-profile","llama.cpp","apple","4","28","<deduplicated_symbol>","2","other"
"llama.cpp-apple-n4.time-profile.xml","time-profile","llama.cpp","apple","4","29","+[NSData(NSData) dataWithBytesNoCopy:length:]","2","other"
"llama.cpp-apple-n4.time-profile.xml","time-profile","llama.cpp","apple","4","30","-[_NSPlaceholderData initWithBytes:length:copy:deallocator:]","2","other"
"llama.cpp-apple-n40.time-profile.xml","time-profile","llama.cpp","apple","40","1","lzfseEncodeMatches","93","apple_lzfse"
"llama.cpp-apple-n40.time-profile.xml","time-profile","llama.cpp","apple","40","2","lzfseEncodeBase","61","apple_lzfse"
"llama.cpp-apple-n40.time-profile.xml","time-profile","llama.cpp","apple","40","3","lzfsePushMatch","26","apple_lzfse"
"llama.cpp-apple-n40.time-profile.xml","time-profile","llama.cpp","apple","40","4","OutputFilter.write<A>(_:)","7","io"
"llama.cpp-apple-n40.time-profile.xml","time-profile","llama.cpp","apple","40","5","lzfseBackendMatch","5","other"
"llama.cpp-apple-n40.time-profile.xml","time-profile","llama.cpp","apple","40","6","xzm_malloc_zone_malloc_type_realloc","4","other"
"llama.cpp-apple-n40.time-profile.xml","time-profile","llama.cpp","apple","40","7","runCLI()","4","other"
"llama.cpp-apple-n40.time-profile.xml","time-profile","llama.cpp","apple","40","8","lzfseEncodeTranslateState","4","apple_lzfse"
"llama.cpp-apple-n40.time-profile.xml","time-profile","llama.cpp","apple","40","9","closure #1 in OutputFilter.write<A>(_:)","4","io"
"llama.cpp-apple-n40.time-profile.xml","time-profile","llama.cpp","apple","40","10","_platform_memmove","4","memory_copy"
"llama.cpp-apple-n40.time-profile.xml","time-profile","llama.cpp","apple","40","11","partial apply for closure #2 in runCLI()","3","other"
"llama.cpp-apple-n40.time-profile.xml","time-profile","llama.cpp","apple","40","12","closure #2 in runCLI()","3","other"
"llama.cpp-apple-n40.time-profile.xml","time-profile","llama.cpp","apple","40","13","_xzm_xzone_malloc_small_freelist","3","other"
"llama.cpp-apple-n40.time-profile.xml","time-profile","llama.cpp","apple","40","14","xzm_segment_group_alloc_chunk","2","other"
"llama.cpp-apple-n40.time-profile.xml","time-profile","llama.cpp","apple","40","15","swift::TargetContextDescriptor<swift::InProcess>::getGenericContext() const","2","other"
"llama.cpp-apple-n40.time-profile.xml","time-profile","llama.cpp","apple","40","16","start","2","external_tool"
"llama.cpp-apple-n40.time-profile.xml","time-profile","llama.cpp","apple","40","17","specialized static Data._unconditionallyBridgeFromObjectiveC(_:)","2","other"
"llama.cpp-apple-n40.time-profile.xml","time-profile","llama.cpp","apple","40","18","read","2","io"
"llama.cpp-apple-n40.time-profile.xml","time-profile","llama.cpp","apple","40","19","NSFileHandle.read(upToCount:)","2","io"
"llama.cpp-apple-n40.time-profile.xml","time-profile","llama.cpp","apple","40","20","fstat","2","other"
"llama.cpp-apple-n40.time-profile.xml","time-profile","llama.cpp","apple","40","21","dyld4::Loader::runInitializersBottomUp(dyld4::RuntimeState&, lsl::Vector<AuthenticatedValue<dyld4::Loader const*>>&, lsl::Vector<AuthenticatedValue<dyld4::Loader const*>>&) const","2","other"
"llama.cpp-apple-n40.time-profile.xml","time-profile","llama.cpp","apple","40","22","-[NSConcreteFileHandle readDataOfLength:]","2","io"
"llama.cpp-apple-n40.time-profile.xml","time-profile","llama.cpp","apple","40","23","_xzm_xzone_malloc_tiny","2","other"
"llama.cpp-apple-n40.time-profile.xml","time-profile","llama.cpp","apple","40","24","_swift_getGenericMetadata(swift::MetadataRequest, void const* const*, swift::TargetTypeContextDescriptor<swift::InProcess> const*)","2","swift_runtime"
"llama.cpp-apple-n40.time-profile.xml","time-profile","llama.cpp","apple","40","25","write","1","io"
"llama.cpp-apple-n40.time-profile.xml","time-profile","llama.cpp","apple","40","26","void multiPayloadEnumFN<&handleRefCountsDestroy(swift::TargetMetadata<swift::InProcess> const*, swift::LayoutStringReader1&, unsigned long&, unsigned char*)>(swift::TargetMetadata<swift::InProcess> const*, swift::LayoutStringReader1&, unsigned long&, unsigned char*)","1","other"
"llama.cpp-apple-n40.time-profile.xml","time-profile","llama.cpp","apple","40","27","swift::MetadataResponse performOnMetadataCache<swift::MetadataResponse, swift_checkMetadataState::CheckStateCallbacks>(swift::TargetMetadata<swift::InProcess> const*, swift_checkMetadataState::CheckStateCallbacks&&)","1","swift_runtime"
"llama.cpp-apple-n40.time-profile.xml","time-profile","llama.cpp","apple","40","28","swift_cvw_initWithCopyImpl(swift::OpaqueValue*, swift::OpaqueValue*, swift::TargetMetadata<swift::InProcess> const*)","1","swift_runtime"
"llama.cpp-apple-n40.time-profile.xml","time-profile","llama.cpp","apple","40","29","swift_checkMetadataState","1","swift_runtime"
"llama.cpp-apple-n40.time-profile.xml","time-profile","llama.cpp","apple","40","30","swift_allocObject","1","swift_runtime"
"llama.cpp-apple-n8.time-profile.xml","time-profile","llama.cpp","apple","8","1","lzfseEncodeMatches","96","apple_lzfse"
"llama.cpp-apple-n8.time-profile.xml","time-profile","llama.cpp","apple","8","2","lzfseEncodeBase","64","apple_lzfse"
"llama.cpp-apple-n8.time-profile.xml","time-profile","llama.cpp","apple","8","3","lzfsePushMatch","28","apple_lzfse"
"llama.cpp-apple-n8.time-profile.xml","time-profile","llama.cpp","apple","8","4","_platform_memmove","6","memory_copy"
"llama.cpp-apple-n8.time-profile.xml","time-profile","llama.cpp","apple","8","5","OutputFilter.write<A>(_:)","5","io"
"llama.cpp-apple-n8.time-profile.xml","time-profile","llama.cpp","apple","8","6","lzfseBackendMatch","5","other"
"llama.cpp-apple-n8.time-profile.xml","time-profile","llama.cpp","apple","8","7","closure #1 in OutputFilter.write<A>(_:)","4","io"
"llama.cpp-apple-n8.time-profile.xml","time-profile","llama.cpp","apple","8","8","<deduplicated_symbol>","4","other"
"llama.cpp-apple-n8.time-profile.xml","time-profile","llama.cpp","apple","8","9","runCLI()","3","other"
"llama.cpp-apple-n8.time-profile.xml","time-profile","llama.cpp","apple","8","10","partial apply for closure #2 in runCLI()","3","other"
"llama.cpp-apple-n8.time-profile.xml","time-profile","llama.cpp","apple","8","11","lzfseEncodeTranslateState","3","apple_lzfse"
"llama.cpp-apple-n8.time-profile.xml","time-profile","llama.cpp","apple","8","12","closure #2 in runCLI()","3","other"
"llama.cpp-apple-n8.time-profile.xml","time-profile","llama.cpp","apple","8","13","-[NSConcreteFileHandle readDataOfLength:]","3","io"
"llama.cpp-apple-n8.time-profile.xml","time-profile","llama.cpp","apple","8","14","xzm_segment_group_alloc_chunk","2","other"
"llama.cpp-apple-n8.time-profile.xml","time-profile","llama.cpp","apple","8","15","xzm_malloc_zone_malloc_type_realloc","2","other"
"llama.cpp-apple-n8.time-profile.xml","time-profile","llama.cpp","apple","8","16","start","2","external_tool"
"llama.cpp-apple-n8.time-profile.xml","time-profile","llama.cpp","apple","8","17","specialized static Data._unconditionallyBridgeFromObjectiveC(_:)","2","other"
"llama.cpp-apple-n8.time-profile.xml","time-profile","llama.cpp","apple","8","18","read","2","io"
"llama.cpp-apple-n8.time-profile.xml","time-profile","llama.cpp","apple","8","19","NSFileHandle.read(upToCount:)","2","io"
"llama.cpp-apple-n8.time-profile.xml","time-profile","llama.cpp","apple","8","20","dyld4::prepare(dyld4::APIs&, mach_o::UnsafeHeader const*)","2","other"
"llama.cpp-apple-n8.time-profile.xml","time-profile","llama.cpp","apple","8","21","dyld4::PrebuiltLoader::loadDependents(Diagnostics&, dyld4::RuntimeState&, dyld4::Loader::LoadOptions const&)","2","other"
"llama.cpp-apple-n8.time-profile.xml","time-profile","llama.cpp","apple","8","22","dyld4::APIs::runAllInitializersForMain()","2","other"
"llama.cpp-apple-n8.time-profile.xml","time-profile","llama.cpp","apple","8","23","_xzm_xzone_malloc_tiny","2","other"
"llama.cpp-apple-n8.time-profile.xml","time-profile","llama.cpp","apple","8","24","_realloc","2","other"
"llama.cpp-apple-n8.time-profile.xml","time-profile","llama.cpp","apple","8","25","_objc_rootDealloc","2","other"
"llama.cpp-apple-n8.time-profile.xml","time-profile","llama.cpp","apple","8","26","_free","2","other"
"llama.cpp-apple-n8.time-profile.xml","time-profile","llama.cpp","apple","8","27","xzm_malloc_zone_size","1","other"
"llama.cpp-apple-n8.time-profile.xml","time-profile","llama.cpp","apple","8","28","write","1","io"
"llama.cpp-apple-n8.time-profile.xml","time-profile","llama.cpp","apple","8","29","swift::TargetMetadata<swift::InProcess>::isCanonicalStaticallySpecializedGenericMetadata() const","1","other"
"llama.cpp-apple-n8.time-profile.xml","time-profile","llama.cpp","apple","8","30","swift::MetadataCacheEntryBase<swift::GenericCacheEntry, void const*>::awaitSatisfyingState(swift::ConcurrencyControl&, swift::MetadataRequest)","1","other"
"llama.cpp-bvx3-n4.time-profile.xml","time-profile","llama.cpp","bvx3","4","1","specialized static LZFSEv1.encodeBlockV3(triplets:literals:rawBytes:)","307","encode"
"llama.cpp-bvx3-n4.time-profile.xml","time-profile","llama.cpp","bvx3","4","2","specialized Array.withUnsafeBufferPointer<A, B>(_:)","195","swift_array"
"llama.cpp-bvx3-n4.time-profile.xml","time-profile","llama.cpp","bvx3","4","3","specialized _ArrayBuffer.withUnsafeBufferPointer<A, B>(_:)","195","swift_array"
"llama.cpp-bvx3-n4.time-profile.xml","time-profile","llama.cpp","bvx3","4","4","specialized static LZFSEv1.lzParseStrong(_:maxL:maxM:maxDist:)","120","parse"
"llama.cpp-bvx3-n4.time-profile.xml","time-profile","llama.cpp","bvx3","4","5","closure #1 in static LZFSEv1.lzParseStrong(_:maxL:maxM:maxDist:)","119","parse"
"llama.cpp-bvx3-n4.time-profile.xml","time-profile","llama.cpp","bvx3","4","6","closure #2 in static LZFSEv1.encodeBlockV3(triplets:literals:rawBytes:)","75","encode"
"llama.cpp-bvx3-n4.time-profile.xml","time-profile","llama.cpp","bvx3","4","7","bestMatch #1 (_:) in closure #1 in static LZFSEv1.lzParseStrong(_:maxL:maxM:maxDist:)","65","parse"
"llama.cpp-bvx3-n4.time-profile.xml","time-profile","llama.cpp","bvx3","4","8","specialized Array.subscript.getter","56","swift_array"
"llama.cpp-bvx3-n4.time-profile.xml","time-profile","llama.cpp","bvx3","4","9","static LZFSEv1.fseEncode(state:_:_:)","54","fse"
"llama.cpp-bvx3-n4.time-profile.xml","time-profile","llama.cpp","bvx3","4","10","specialized Array.subscript.modify","39","swift_array"
"llama.cpp-bvx3-n4.time-profile.xml","time-profile","llama.cpp","bvx3","4","11","static LZFSEv1.symbol(forValue:base:)","31","fse"
"llama.cpp-bvx3-n4.time-profile.xml","time-profile","llama.cpp","bvx3","4","12","specialized Array._checkSubscript(_:wasNativeTypeChecked:)","28","swift_array"
"llama.cpp-bvx3-n4.time-profile.xml","time-profile","llama.cpp","bvx3","4","13","specialized Array.append(_:)","26","swift_array"
"llama.cpp-bvx3-n4.time-profile.xml","time-profile","llama.cpp","bvx3","4","14","specialized _ArrayBuffer.beginCOWMutation()","26","swift_array"
"llama.cpp-bvx3-n4.time-profile.xml","time-profile","llama.cpp","bvx3","4","15","specialized Array.append<A>(contentsOf:)","24","swift_array"
"llama.cpp-bvx3-n4.time-profile.xml","time-profile","llama.cpp","bvx3","4","16","specialized Array._makeMutableAndUnique()","24","swift_array"
"llama.cpp-bvx3-n4.time-profile.xml","time-profile","llama.cpp","bvx3","4","17","specialized Array._getElement(_:wasNativeTypeChecked:matchingSubscriptCheck:)","24","swift_array"
"llama.cpp-bvx3-n4.time-profile.xml","time-profile","llama.cpp","bvx3","4","18","specialized IndexingIterator.next()","19","swift_array"
"llama.cpp-bvx3-n4.time-profile.xml","time-profile","llama.cpp","bvx3","4","19","static LZFSEv1.compressBody(_:strong:bvx3:lazy2:optimal:optimal3:)","18","encode"
"llama.cpp-bvx3-n4.time-profile.xml","time-profile","llama.cpp","bvx3","4","20","matchLength #1 (_:_:limit:) in closure #1 in static LZFSEv1.lzParseStrong(_:maxL:maxM:maxDist:)","18","parse"
"llama.cpp-bvx3-n4.time-profile.xml","time-profile","llama.cpp","bvx3","4","21","insert #1 (_:) in closure #1 in static LZFSEv1.lzParseStrong(_:maxL:maxM:maxDist:)","18","parse"
"llama.cpp-bvx3-n4.time-profile.xml","time-profile","llama.cpp","bvx3","4","22","specialized pushRun #1 (l:m:d:) in static LZFSEv1.lzParseStrong(_:maxL:maxM:maxDist:)","17","parse"
"llama.cpp-bvx3-n4.time-profile.xml","time-profile","llama.cpp","bvx3","4","23","_platform_memmove","16","memory_copy"
"llama.cpp-bvx3-n4.time-profile.xml","time-profile","llama.cpp","bvx3","4","24","LZFSEv1.FSEOutStream.push(_:_:)","15","fse"
"llama.cpp-bvx3-n4.time-profile.xml","time-profile","llama.cpp","bvx3","4","25","specialized Array._checkSubscript_mutating(_:)","12","swift_array"
"llama.cpp-bvx3-n4.time-profile.xml","time-profile","llama.cpp","bvx3","4","26","specialized _ArrayBuffer._checkValidSubscriptMutating(_:)","12","swift_array"
"llama.cpp-bvx3-n4.time-profile.xml","time-profile","llama.cpp","bvx3","4","27","swift_beginAccess","10","swift_runtime"
"llama.cpp-bvx3-n4.time-profile.xml","time-profile","llama.cpp","bvx3","4","28","specialized Array._makeUniqueAndReserveCapacityIfNotUnique()","10","swift_array"
"llama.cpp-bvx3-n4.time-profile.xml","time-profile","llama.cpp","bvx3","4","29","LZFSEv1.FSEOutStream.flush()","8","fse"
"llama.cpp-bvx3-n4.time-profile.xml","time-profile","llama.cpp","bvx3","4","30","entropyBits #1 (_:) in static LZFSEv1.encodeBlockV3(triplets:literals:rawBytes:)","8","encode"
"llama.cpp-bvx3-n40.time-profile.xml","time-profile","llama.cpp","bvx3","40","1","specialized static LZFSEv1.encodeBlockV3(triplets:literals:rawBytes:)","373","encode"
"llama.cpp-bvx3-n40.time-profile.xml","time-profile","llama.cpp","bvx3","40","2","specialized Array.withUnsafeBufferPointer<A, B>(_:)","205","swift_array"
"llama.cpp-bvx3-n40.time-profile.xml","time-profile","llama.cpp","bvx3","40","3","specialized _ArrayBuffer.withUnsafeBufferPointer<A, B>(_:)","205","swift_array"
"llama.cpp-bvx3-n40.time-profile.xml","time-profile","llama.cpp","bvx3","40","4","specialized static LZFSEv1.lzParseStrong(_:maxL:maxM:maxDist:)","125","parse"
"llama.cpp-bvx3-n40.time-profile.xml","time-profile","llama.cpp","bvx3","40","5","closure #1 in static LZFSEv1.lzParseStrong(_:maxL:maxM:maxDist:)","125","parse"
"llama.cpp-bvx3-n40.time-profile.xml","time-profile","llama.cpp","bvx3","40","6","closure #2 in static LZFSEv1.encodeBlockV3(triplets:literals:rawBytes:)","79","encode"
"llama.cpp-bvx3-n40.time-profile.xml","time-profile","llama.cpp","bvx3","40","7","bestMatch #1 (_:) in closure #1 in static LZFSEv1.lzParseStrong(_:maxL:maxM:maxDist:)","60","parse"
"llama.cpp-bvx3-n40.time-profile.xml","time-profile","llama.cpp","bvx3","40","8","specialized Array.subscript.getter","59","swift_array"
"llama.cpp-bvx3-n40.time-profile.xml","time-profile","llama.cpp","bvx3","40","9","static LZFSEv1.fseEncode(state:_:_:)","50","fse"
"llama.cpp-bvx3-n40.time-profile.xml","time-profile","llama.cpp","bvx3","40","10","specialized Array.subscript.modify","45","swift_array"
"llama.cpp-bvx3-n40.time-profile.xml","time-profile","llama.cpp","bvx3","40","11","specialized Array.append(_:)","36","swift_array"
"llama.cpp-bvx3-n40.time-profile.xml","time-profile","llama.cpp","bvx3","40","12","specialized _ArrayBuffer.beginCOWMutation()","33","swift_array"
"llama.cpp-bvx3-n40.time-profile.xml","time-profile","llama.cpp","bvx3","40","13","specialized Array.append<A>(contentsOf:)","29","swift_array"
"llama.cpp-bvx3-n40.time-profile.xml","time-profile","llama.cpp","bvx3","40","14","specialized Array._getElement(_:wasNativeTypeChecked:matchingSubscriptCheck:)","28","swift_array"
"llama.cpp-bvx3-n40.time-profile.xml","time-profile","llama.cpp","bvx3","40","15","static LZFSEv1.symbol(forValue:base:)","27","fse"
"llama.cpp-bvx3-n40.time-profile.xml","time-profile","llama.cpp","bvx3","40","16","specialized Array._makeMutableAndUnique()","26","swift_array"
"llama.cpp-bvx3-n40.time-profile.xml","time-profile","llama.cpp","bvx3","40","17","specialized Array._checkSubscript(_:wasNativeTypeChecked:)","24","swift_array"
"llama.cpp-bvx3-n40.time-profile.xml","time-profile","llama.cpp","bvx3","40","18","specialized pushRun #1 (l:m:d:) in static LZFSEv1.lzParseStrong(_:maxL:maxM:maxDist:)","21","parse"
"llama.cpp-bvx3-n40.time-profile.xml","time-profile","llama.cpp","bvx3","40","19","insert #1 (_:) in closure #1 in static LZFSEv1.lzParseStrong(_:maxL:maxM:maxDist:)","21","parse"
"llama.cpp-bvx3-n40.time-profile.xml","time-profile","llama.cpp","bvx3","40","20","swift_beginAccess","18","swift_runtime"
"llama.cpp-bvx3-n40.time-profile.xml","time-profile","llama.cpp","bvx3","40","21","static LZFSEv1.compressBody(_:strong:bvx3:lazy2:optimal:optimal3:)","17","encode"
"llama.cpp-bvx3-n40.time-profile.xml","time-profile","llama.cpp","bvx3","40","22","specialized IndexingIterator.next()","17","swift_array"
"llama.cpp-bvx3-n40.time-profile.xml","time-profile","llama.cpp","bvx3","40","23","_platform_memmove","17","memory_copy"
"llama.cpp-bvx3-n40.time-profile.xml","time-profile","llama.cpp","bvx3","40","24","matchLength #1 (_:_:limit:) in closure #1 in static LZFSEv1.lzParseStrong(_:maxL:maxM:maxDist:)","16","parse"
"llama.cpp-bvx3-n40.time-profile.xml","time-profile","llama.cpp","bvx3","40","25","entropyBits #1 (_:) in static LZFSEv1.encodeBlockV3(triplets:literals:rawBytes:)","16","encode"
"llama.cpp-bvx3-n40.time-profile.xml","time-profile","llama.cpp","bvx3","40","26","specialized Array._makeUniqueAndReserveCapacityIfNotUnique()","15","swift_array"
"llama.cpp-bvx3-n40.time-profile.xml","time-profile","llama.cpp","bvx3","40","27","specialized Array._checkSubscript_mutating(_:)","13","swift_array"
"llama.cpp-bvx3-n40.time-profile.xml","time-profile","llama.cpp","bvx3","40","28","specialized _ArrayBuffer._checkValidSubscriptMutating(_:)","13","swift_array"
"llama.cpp-bvx3-n40.time-profile.xml","time-profile","llama.cpp","bvx3","40","29","LZFSEv1.FSEOutStream.push(_:_:)","13","fse"
"llama.cpp-bvx3-n40.time-profile.xml","time-profile","llama.cpp","bvx3","40","30","LZFSEv1.FSEOutStream.flush()","12","fse"
"llama.cpp-bvx3-n8.time-profile.xml","time-profile","llama.cpp","bvx3","8","1","specialized static LZFSEv1.encodeBlockV3(triplets:literals:rawBytes:)","365","encode"
"llama.cpp-bvx3-n8.time-profile.xml","time-profile","llama.cpp","bvx3","8","2","specialized Array.withUnsafeBufferPointer<A, B>(_:)","217","swift_array"
"llama.cpp-bvx3-n8.time-profile.xml","time-profile","llama.cpp","bvx3","8","3","specialized _ArrayBuffer.withUnsafeBufferPointer<A, B>(_:)","217","swift_array"
"llama.cpp-bvx3-n8.time-profile.xml","time-profile","llama.cpp","bvx3","8","4","specialized static LZFSEv1.lzParseStrong(_:maxL:maxM:maxDist:)","134","parse"
"llama.cpp-bvx3-n8.time-profile.xml","time-profile","llama.cpp","bvx3","8","5","closure #1 in static LZFSEv1.lzParseStrong(_:maxL:maxM:maxDist:)","134","parse"
"llama.cpp-bvx3-n8.time-profile.xml","time-profile","llama.cpp","bvx3","8","6","closure #2 in static LZFSEv1.encodeBlockV3(triplets:literals:rawBytes:)","82","encode"
"llama.cpp-bvx3-n8.time-profile.xml","time-profile","llama.cpp","bvx3","8","7","bestMatch #1 (_:) in closure #1 in static LZFSEv1.lzParseStrong(_:maxL:maxM:maxDist:)","68","parse"
"llama.cpp-bvx3-n8.time-profile.xml","time-profile","llama.cpp","bvx3","8","8","specialized Array.subscript.getter","63","swift_array"
"llama.cpp-bvx3-n8.time-profile.xml","time-profile","llama.cpp","bvx3","8","9","static LZFSEv1.fseEncode(state:_:_:)","53","fse"
"llama.cpp-bvx3-n8.time-profile.xml","time-profile","llama.cpp","bvx3","8","10","specialized Array.subscript.modify","43","swift_array"
"llama.cpp-bvx3-n8.time-profile.xml","time-profile","llama.cpp","bvx3","8","11","specialized Array.append(_:)","35","swift_array"
"llama.cpp-bvx3-n8.time-profile.xml","time-profile","llama.cpp","bvx3","8","12","static LZFSEv1.symbol(forValue:base:)","29","fse"
"llama.cpp-bvx3-n8.time-profile.xml","time-profile","llama.cpp","bvx3","8","13","specialized Array._getElement(_:wasNativeTypeChecked:matchingSubscriptCheck:)","28","swift_array"
"llama.cpp-bvx3-n8.time-profile.xml","time-profile","llama.cpp","bvx3","8","14","specialized Array._checkSubscript(_:wasNativeTypeChecked:)","28","swift_array"
"llama.cpp-bvx3-n8.time-profile.xml","time-profile","llama.cpp","bvx3","8","15","specialized _ArrayBuffer.beginCOWMutation()","26","swift_array"
"llama.cpp-bvx3-n8.time-profile.xml","time-profile","llama.cpp","bvx3","8","16","specialized Array._makeMutableAndUnique()","25","swift_array"
"llama.cpp-bvx3-n8.time-profile.xml","time-profile","llama.cpp","bvx3","8","17","specialized Array.append<A>(contentsOf:)","24","swift_array"
"llama.cpp-bvx3-n8.time-profile.xml","time-profile","llama.cpp","bvx3","8","18","insert #1 (_:) in closure #1 in static LZFSEv1.lzParseStrong(_:maxL:maxM:maxDist:)","23","parse"
"llama.cpp-bvx3-n8.time-profile.xml","time-profile","llama.cpp","bvx3","8","19","specialized pushRun #1 (l:m:d:) in static LZFSEv1.lzParseStrong(_:maxL:maxM:maxDist:)","21","parse"
"llama.cpp-bvx3-n8.time-profile.xml","time-profile","llama.cpp","bvx3","8","20","specialized IndexingIterator.next()","21","swift_array"
"llama.cpp-bvx3-n8.time-profile.xml","time-profile","llama.cpp","bvx3","8","21","swift_beginAccess","20","swift_runtime"
"llama.cpp-bvx3-n8.time-profile.xml","time-profile","llama.cpp","bvx3","8","22","matchLength #1 (_:_:limit:) in closure #1 in static LZFSEv1.lzParseStrong(_:maxL:maxM:maxDist:)","18","parse"
"llama.cpp-bvx3-n8.time-profile.xml","time-profile","llama.cpp","bvx3","8","23","static LZFSEv1.compressBody(_:strong:bvx3:lazy2:optimal:optimal3:)","17","encode"
"llama.cpp-bvx3-n8.time-profile.xml","time-profile","llama.cpp","bvx3","8","24","LZFSEv1.FSEOutStream.push(_:_:)","16","fse"
"llama.cpp-bvx3-n8.time-profile.xml","time-profile","llama.cpp","bvx3","8","25","_platform_memmove","15","memory_copy"
"llama.cpp-bvx3-n8.time-profile.xml","time-profile","llama.cpp","bvx3","8","26","specialized Array._checkSubscript_mutating(_:)","13","swift_array"
"llama.cpp-bvx3-n8.time-profile.xml","time-profile","llama.cpp","bvx3","8","27","specialized _ArrayBuffer._checkValidSubscriptMutating(_:)","13","swift_array"
"llama.cpp-bvx3-n8.time-profile.xml","time-profile","llama.cpp","bvx3","8","28","specialized Array._makeUniqueAndReserveCapacityIfNotUnique()","12","swift_array"
"llama.cpp-bvx3-n8.time-profile.xml","time-profile","llama.cpp","bvx3","8","29","swift_endAccess","11","swift_runtime"
"llama.cpp-bvx3-n8.time-profile.xml","time-profile","llama.cpp","bvx3","8","30","LZFSEv1.FSEOutStream.flush()","11","fse"
"llama.cpp-lazy2-n4.time-profile.xml","time-profile","llama.cpp","lazy2","4","1","specialized Array.withUnsafeBufferPointer<A, B>(_:)","378","swift_array"
"llama.cpp-lazy2-n4.time-profile.xml","time-profile","llama.cpp","lazy2","4","2","specialized _ArrayBuffer.withUnsafeBufferPointer<A, B>(_:)","378","swift_array"
"llama.cpp-lazy2-n4.time-profile.xml","time-profile","llama.cpp","lazy2","4","3","specialized static LZFSEv1.lzParseChain(_:maxL:maxM:maxDist:)","302","parse"
"llama.cpp-lazy2-n4.time-profile.xml","time-profile","llama.cpp","lazy2","4","4","closure #1 in static LZFSEv1.lzParseChain(_:maxL:maxM:maxDist:)","299","parse"
"llama.cpp-lazy2-n4.time-profile.xml","time-profile","llama.cpp","lazy2","4","5","specialized static LZFSEv1.encodeBlockV3(triplets:literals:rawBytes:)","286","encode"
"llama.cpp-lazy2-n4.time-profile.xml","time-profile","llama.cpp","lazy2","4","6","bestMatch #1 (_:) in closure #1 in static LZFSEv1.lzParseChain(_:maxL:maxM:maxDist:)","221","parse"
"llama.cpp-lazy2-n4.time-profile.xml","time-profile","llama.cpp","lazy2","4","7","repLen #1 (_:_:) in closure #1 in static LZFSEv1.lzParseChain(_:maxL:maxM:maxDist:)","94","parse"
"llama.cpp-lazy2-n4.time-profile.xml","time-profile","llama.cpp","lazy2","4","8","closure #2 in static LZFSEv1.encodeBlockV3(triplets:literals:rawBytes:)","78","encode"
"llama.cpp-lazy2-n4.time-profile.xml","time-profile","llama.cpp","lazy2","4","9","static LZFSEv1.fseEncode(state:_:_:)","59","fse"
"llama.cpp-lazy2-n4.time-profile.xml","time-profile","llama.cpp","lazy2","4","10","matchLength #1 (_:_:limit:) in closure #1 in static LZFSEv1.lzParseChain(_:maxL:maxM:maxDist:)","52","parse"
"llama.cpp-lazy2-n4.time-profile.xml","time-profile","llama.cpp","lazy2","4","11","specialized Array.subscript.getter","49","swift_array"
"llama.cpp-lazy2-n4.time-profile.xml","time-profile","llama.cpp","lazy2","4","12","specialized Array.subscript.modify","34","swift_array"
"llama.cpp-lazy2-n4.time-profile.xml","time-profile","llama.cpp","lazy2","4","13","static LZFSEv1.symbol(forValue:base:)","27","fse"
"llama.cpp-lazy2-n4.time-profile.xml","time-profile","llama.cpp","lazy2","4","14","specialized Array._checkSubscript(_:wasNativeTypeChecked:)","25","swift_array"
"llama.cpp-lazy2-n4.time-profile.xml","time-profile","llama.cpp","lazy2","4","15","specialized Array.append<A>(contentsOf:)","24","swift_array"
"llama.cpp-lazy2-n4.time-profile.xml","time-profile","llama.cpp","lazy2","4","16","specialized Array._getElement(_:wasNativeTypeChecked:matchingSubscriptCheck:)","24","swift_array"
"llama.cpp-lazy2-n4.time-profile.xml","time-profile","llama.cpp","lazy2","4","17","specialized _ArrayBuffer.beginCOWMutation()","24","swift_array"
"llama.cpp-lazy2-n4.time-profile.xml","time-profile","llama.cpp","lazy2","4","18","insert #1 (_:) in closure #1 in static LZFSEv1.lzParseChain(_:maxL:maxM:maxDist:)","22","parse"
"llama.cpp-lazy2-n4.time-profile.xml","time-profile","llama.cpp","lazy2","4","19","specialized Array._makeMutableAndUnique()","21","swift_array"
"llama.cpp-lazy2-n4.time-profile.xml","time-profile","llama.cpp","lazy2","4","20","specialized pushRun #1 (l:m:d:) in static LZFSEv1.lzParseChain(_:maxL:maxM:maxDist:)","19","parse"
"llama.cpp-lazy2-n4.time-profile.xml","time-profile","llama.cpp","lazy2","4","21","static LZFSEv1.compressBody(_:strong:bvx3:lazy2:optimal:optimal3:)","18","encode"
"llama.cpp-lazy2-n4.time-profile.xml","time-profile","llama.cpp","lazy2","4","22","specialized Array.append(_:)","18","swift_array"
"llama.cpp-lazy2-n4.time-profile.xml","time-profile","llama.cpp","lazy2","4","23","load32 #1 (_:) in closure #1 in static LZFSEv1.lzParseChain(_:maxL:maxM:maxDist:)","18","parse"
"llama.cpp-lazy2-n4.time-profile.xml","time-profile","llama.cpp","lazy2","4","24","LZFSEv1.FSEOutStream.push(_:_:)","16","fse"
"llama.cpp-lazy2-n4.time-profile.xml","time-profile","llama.cpp","lazy2","4","25","_platform_memmove","14","memory_copy"
"llama.cpp-lazy2-n4.time-profile.xml","time-profile","llama.cpp","lazy2","4","26","swift_beginAccess","12","swift_runtime"
"llama.cpp-lazy2-n4.time-profile.xml","time-profile","llama.cpp","lazy2","4","27","specialized Array._makeUniqueAndReserveCapacityIfNotUnique()","12","swift_array"
"llama.cpp-lazy2-n4.time-profile.xml","time-profile","llama.cpp","lazy2","4","28","specialized Array._checkSubscript_mutating(_:)","11","swift_array"
"llama.cpp-lazy2-n4.time-profile.xml","time-profile","llama.cpp","lazy2","4","29","specialized _ArrayBuffer._checkValidSubscriptMutating(_:)","11","swift_array"
"llama.cpp-lazy2-n4.time-profile.xml","time-profile","llama.cpp","lazy2","4","30","LZFSEv1.FSEOutStream.flush()","10","fse"
"llama.cpp-lazy2-n40.time-profile.xml","time-profile","llama.cpp","lazy2","40","1","specialized Array.withUnsafeBufferPointer<A, B>(_:)","412","swift_array"
"llama.cpp-lazy2-n40.time-profile.xml","time-profile","llama.cpp","lazy2","40","2","specialized _ArrayBuffer.withUnsafeBufferPointer<A, B>(_:)","412","swift_array"
"llama.cpp-lazy2-n40.time-profile.xml","time-profile","llama.cpp","lazy2","40","3","specialized static LZFSEv1.encodeBlockV3(triplets:literals:rawBytes:)","370","encode"
"llama.cpp-lazy2-n40.time-profile.xml","time-profile","llama.cpp","lazy2","40","4","specialized static LZFSEv1.lzParseChain(_:maxL:maxM:maxDist:)","323","parse"
"llama.cpp-lazy2-n40.time-profile.xml","time-profile","llama.cpp","lazy2","40","5","closure #1 in static LZFSEv1.lzParseChain(_:maxL:maxM:maxDist:)","321","parse"
"llama.cpp-lazy2-n40.time-profile.xml","time-profile","llama.cpp","lazy2","40","6","bestMatch #1 (_:) in closure #1 in static LZFSEv1.lzParseChain(_:maxL:maxM:maxDist:)","233","parse"
"llama.cpp-lazy2-n40.time-profile.xml","time-profile","llama.cpp","lazy2","40","7","repLen #1 (_:_:) in closure #1 in static LZFSEv1.lzParseChain(_:maxL:maxM:maxDist:)","104","parse"
"llama.cpp-lazy2-n40.time-profile.xml","time-profile","llama.cpp","lazy2","40","8","closure #2 in static LZFSEv1.encodeBlockV3(triplets:literals:rawBytes:)","90","encode"
"llama.cpp-lazy2-n40.time-profile.xml","time-profile","llama.cpp","lazy2","40","9","specialized Array.subscript.getter","64","swift_array"
"llama.cpp-lazy2-n40.time-profile.xml","time-profile","llama.cpp","lazy2","40","10","static LZFSEv1.fseEncode(state:_:_:)","59","fse"
"llama.cpp-lazy2-n40.time-profile.xml","time-profile","llama.cpp","lazy2","40","11","matchLength #1 (_:_:limit:) in closure #1 in static LZFSEv1.lzParseChain(_:maxL:maxM:maxDist:)","57","parse"
"llama.cpp-lazy2-n40.time-profile.xml","time-profile","llama.cpp","lazy2","40","12","specialized Array.subscript.modify","45","swift_array"
"llama.cpp-lazy2-n40.time-profile.xml","time-profile","llama.cpp","lazy2","40","13","specialized Array.append<A>(contentsOf:)","31","swift_array"
"llama.cpp-lazy2-n40.time-profile.xml","time-profile","llama.cpp","lazy2","40","14","specialized Array._getElement(_:wasNativeTypeChecked:matchingSubscriptCheck:)","31","swift_array"
"llama.cpp-lazy2-n40.time-profile.xml","time-profile","llama.cpp","lazy2","40","15","specialized _ArrayBuffer.beginCOWMutation()","29","swift_array"
"llama.cpp-lazy2-n40.time-profile.xml","time-profile","llama.cpp","lazy2","40","16","static LZFSEv1.symbol(forValue:base:)","26","fse"
"llama.cpp-lazy2-n40.time-profile.xml","time-profile","llama.cpp","lazy2","40","17","specialized Array.append(_:)","26","swift_array"
"llama.cpp-lazy2-n40.time-profile.xml","time-profile","llama.cpp","lazy2","40","18","specialized Array._makeMutableAndUnique()","26","swift_array"
"llama.cpp-lazy2-n40.time-profile.xml","time-profile","llama.cpp","lazy2","40","19","specialized Array._checkSubscript(_:wasNativeTypeChecked:)","26","swift_array"
"llama.cpp-lazy2-n40.time-profile.xml","time-profile","llama.cpp","lazy2","40","20","insert #1 (_:) in closure #1 in static LZFSEv1.lzParseChain(_:maxL:maxM:maxDist:)","26","parse"
"llama.cpp-lazy2-n40.time-profile.xml","time-profile","llama.cpp","lazy2","40","21","load32 #1 (_:) in closure #1 in static LZFSEv1.lzParseChain(_:maxL:maxM:maxDist:)","22","parse"
"llama.cpp-lazy2-n40.time-profile.xml","time-profile","llama.cpp","lazy2","40","22","specialized pushRun #1 (l:m:d:) in static LZFSEv1.lzParseChain(_:maxL:maxM:maxDist:)","20","parse"
"llama.cpp-lazy2-n40.time-profile.xml","time-profile","llama.cpp","lazy2","40","23","swift_beginAccess","17","swift_runtime"
"llama.cpp-lazy2-n40.time-profile.xml","time-profile","llama.cpp","lazy2","40","24","_platform_memmove","17","memory_copy"
"llama.cpp-lazy2-n40.time-profile.xml","time-profile","llama.cpp","lazy2","40","25","static LZFSEv1.compressBody(_:strong:bvx3:lazy2:optimal:optimal3:)","16","encode"
"llama.cpp-lazy2-n40.time-profile.xml","time-profile","llama.cpp","lazy2","40","26","specialized Array._makeUniqueAndReserveCapacityIfNotUnique()","15","swift_array"
"llama.cpp-lazy2-n40.time-profile.xml","time-profile","llama.cpp","lazy2","40","27","LZFSEv1.FSEOutStream.push(_:_:)","15","fse"
"llama.cpp-lazy2-n40.time-profile.xml","time-profile","llama.cpp","lazy2","40","28","entropyBits #1 (_:) in static LZFSEv1.encodeBlockV3(triplets:literals:rawBytes:)","15","encode"
"llama.cpp-lazy2-n40.time-profile.xml","time-profile","llama.cpp","lazy2","40","29","swift_endAccess","13","swift_runtime"
"llama.cpp-lazy2-n40.time-profile.xml","time-profile","llama.cpp","lazy2","40","30","specialized Array._checkSubscript_mutating(_:)","13","swift_array"
"llama.cpp-lazy2-n8.time-profile.xml","time-profile","llama.cpp","lazy2","8","1","specialized Array.withUnsafeBufferPointer<A, B>(_:)","433","swift_array"
"llama.cpp-lazy2-n8.time-profile.xml","time-profile","llama.cpp","lazy2","8","2","specialized _ArrayBuffer.withUnsafeBufferPointer<A, B>(_:)","433","swift_array"
"llama.cpp-lazy2-n8.time-profile.xml","time-profile","llama.cpp","lazy2","8","3","specialized static LZFSEv1.encodeBlockV3(triplets:literals:rawBytes:)","363","encode"
"llama.cpp-lazy2-n8.time-profile.xml","time-profile","llama.cpp","lazy2","8","4","specialized static LZFSEv1.lzParseChain(_:maxL:maxM:maxDist:)","343","parse"
"llama.cpp-lazy2-n8.time-profile.xml","time-profile","llama.cpp","lazy2","8","5","closure #1 in static LZFSEv1.lzParseChain(_:maxL:maxM:maxDist:)","341","parse"
"llama.cpp-lazy2-n8.time-profile.xml","time-profile","llama.cpp","lazy2","8","6","bestMatch #1 (_:) in closure #1 in static LZFSEv1.lzParseChain(_:maxL:maxM:maxDist:)","250","parse"
"llama.cpp-lazy2-n8.time-profile.xml","time-profile","llama.cpp","lazy2","8","7","repLen #1 (_:_:) in closure #1 in static LZFSEv1.lzParseChain(_:maxL:maxM:maxDist:)","115","parse"
"llama.cpp-lazy2-n8.time-profile.xml","time-profile","llama.cpp","lazy2","8","8","closure #2 in static LZFSEv1.encodeBlockV3(triplets:literals:rawBytes:)","91","encode"
"llama.cpp-lazy2-n8.time-profile.xml","time-profile","llama.cpp","lazy2","8","9","matchLength #1 (_:_:limit:) in closure #1 in static LZFSEv1.lzParseChain(_:maxL:maxM:maxDist:)","67","parse"
"llama.cpp-lazy2-n8.time-profile.xml","time-profile","llama.cpp","lazy2","8","10","specialized Array.subscript.getter","59","swift_array"
"llama.cpp-lazy2-n8.time-profile.xml","time-profile","llama.cpp","lazy2","8","11","static LZFSEv1.fseEncode(state:_:_:)","58","fse"
"llama.cpp-lazy2-n8.time-profile.xml","time-profile","llama.cpp","lazy2","8","12","specialized Array.subscript.modify","42","swift_array"
"llama.cpp-lazy2-n8.time-profile.xml","time-profile","llama.cpp","lazy2","8","13","specialized Array.append(_:)","30","swift_array"
"llama.cpp-lazy2-n8.time-profile.xml","time-profile","llama.cpp","lazy2","8","14","specialized Array._getElement(_:wasNativeTypeChecked:matchingSubscriptCheck:)","28","swift_array"
"llama.cpp-lazy2-n8.time-profile.xml","time-profile","llama.cpp","lazy2","8","15","specialized _ArrayBuffer.beginCOWMutation()","28","swift_array"
"llama.cpp-lazy2-n8.time-profile.xml","time-profile","llama.cpp","lazy2","8","16","specialized Array.append<A>(contentsOf:)","27","swift_array"
"llama.cpp-lazy2-n8.time-profile.xml","time-profile","llama.cpp","lazy2","8","17","specialized Array._makeMutableAndUnique()","26","swift_array"
"llama.cpp-lazy2-n8.time-profile.xml","time-profile","llama.cpp","lazy2","8","18","specialized Array._checkSubscript(_:wasNativeTypeChecked:)","25","swift_array"
"llama.cpp-lazy2-n8.time-profile.xml","time-profile","llama.cpp","lazy2","8","19","insert #1 (_:) in closure #1 in static LZFSEv1.lzParseChain(_:maxL:maxM:maxDist:)","25","parse"
"llama.cpp-lazy2-n8.time-profile.xml","time-profile","llama.cpp","lazy2","8","20","static LZFSEv1.symbol(forValue:base:)","23","fse"
"llama.cpp-lazy2-n8.time-profile.xml","time-profile","llama.cpp","lazy2","8","21","load32 #1 (_:) in closure #1 in static LZFSEv1.lzParseChain(_:maxL:maxM:maxDist:)","22","parse"
"llama.cpp-lazy2-n8.time-profile.xml","time-profile","llama.cpp","lazy2","8","22","specialized pushRun #1 (l:m:d:) in static LZFSEv1.lzParseChain(_:maxL:maxM:maxDist:)","20","parse"
"llama.cpp-lazy2-n8.time-profile.xml","time-profile","llama.cpp","lazy2","8","23","swift_beginAccess","19","swift_runtime"
"llama.cpp-lazy2-n8.time-profile.xml","time-profile","llama.cpp","lazy2","8","24","_platform_memmove","18","memory_copy"
"llama.cpp-lazy2-n8.time-profile.xml","time-profile","llama.cpp","lazy2","8","25","static LZFSEv1.compressBody(_:strong:bvx3:lazy2:optimal:optimal3:)","15","encode"
"llama.cpp-lazy2-n8.time-profile.xml","time-profile","llama.cpp","lazy2","8","26","specialized Array._makeUniqueAndReserveCapacityIfNotUnique()","15","swift_array"
"llama.cpp-lazy2-n8.time-profile.xml","time-profile","llama.cpp","lazy2","8","27","LZFSEv1.FSEOutStream.push(_:_:)","15","fse"
"llama.cpp-lazy2-n8.time-profile.xml","time-profile","llama.cpp","lazy2","8","28","load64 #1 (_:) in closure #1 in static LZFSEv1.lzParseChain(_:maxL:maxM:maxDist:)","13","parse"
"llama.cpp-lazy2-n8.time-profile.xml","time-profile","llama.cpp","lazy2","8","29","swift_endAccess","12","swift_runtime"
"llama.cpp-lazy2-n8.time-profile.xml","time-profile","llama.cpp","lazy2","8","30","LZFSEv1.FSEOutStream.flush()","12","fse"
"llama.cpp-optimal-n4.time-profile.xml","time-profile","llama.cpp","optimal","4","1","specialized closure #1 in static LZFSEv1.lzParseOptimal(_:maxL:maxM:maxDist:)","850","parse"
"llama.cpp-optimal-n4.time-profile.xml","time-profile","llama.cpp","optimal","4","2","specialized static LZFSEv1.encodeBlockV3(triplets:literals:rawBytes:)","283","encode"
"llama.cpp-optimal-n4.time-profile.xml","time-profile","llama.cpp","optimal","4","3","specialized emitSteps #1 (_:from:) in closure #1 in static LZFSEv1.lzParseOptimal(_:maxL:maxM:maxDist:)","133","parse"
"llama.cpp-optimal-n4.time-profile.xml","time-profile","llama.cpp","optimal","4","4","specialized rebuildPrices #1 () in static LZFSEv1.lzParseOptimal(_:maxL:maxM:maxDist:)","98","parse"
"llama.cpp-optimal-n4.time-profile.xml","time-profile","llama.cpp","optimal","4","5","static LZFSEv1.symbol(forValue:base:)","73","fse"
"llama.cpp-optimal-n4.time-profile.xml","time-profile","llama.cpp","optimal","4","6","specialized Array.withUnsafeBufferPointer<A, B>(_:)","72","swift_array"
"llama.cpp-optimal-n4.time-profile.xml","time-profile","llama.cpp","optimal","4","7","specialized _ArrayBuffer.withUnsafeBufferPointer<A, B>(_:)","72","swift_array"
"llama.cpp-optimal-n4.time-profile.xml","time-profile","llama.cpp","optimal","4","8","specialized emitGreedy #1 (at:len:dist:) in closure #1 in static LZFSEv1.lzParseOptimal(_:maxL:maxM:maxDist:)","70","parse"
"llama.cpp-optimal-n4.time-profile.xml","time-profile","llama.cpp","optimal","4","9","closure #2 in static LZFSEv1.encodeBlockV3(triplets:literals:rawBytes:)","69","encode"
"llama.cpp-optimal-n4.time-profile.xml","time-profile","llama.cpp","optimal","4","10","specialized Array.subscript.getter","68","swift_array"
"llama.cpp-optimal-n4.time-profile.xml","time-profile","llama.cpp","optimal","4","11","specialized Array.subscript.modify","65","swift_array"
"llama.cpp-optimal-n4.time-profile.xml","time-profile","llama.cpp","optimal","4","12","static LZFSEv1.fseEncode(state:_:_:)","55","fse"
"llama.cpp-optimal-n4.time-profile.xml","time-profile","llama.cpp","optimal","4","13","specialized _ArrayBuffer.beginCOWMutation()","45","swift_array"
"llama.cpp-optimal-n4.time-profile.xml","time-profile","llama.cpp","optimal","4","14","specialized Array._makeMutableAndUnique()","43","swift_array"
"llama.cpp-optimal-n4.time-profile.xml","time-profile","llama.cpp","optimal","4","15","matchLength #1 (_:_:limit:) in closure #1 in static LZFSEv1.lzParseOptimal(_:maxL:maxM:maxDist:)","43","parse"
"llama.cpp-optimal-n4.time-profile.xml","time-profile","llama.cpp","optimal","4","16","specialized Array._getElement(_:wasNativeTypeChecked:matchingSubscriptCheck:)","36","swift_array"
"llama.cpp-optimal-n4.time-profile.xml","time-profile","llama.cpp","optimal","4","17","dSym #1 (_:) in closure #1 in static LZFSEv1.lzParseOptimal(_:maxL:maxM:maxDist:)","36","parse"
"llama.cpp-optimal-n4.time-profile.xml","time-profile","llama.cpp","optimal","4","18","specialized Array._checkSubscript(_:wasNativeTypeChecked:)","32","swift_array"
"llama.cpp-optimal-n4.time-profile.xml","time-profile","llama.cpp","optimal","4","19","insert #1 (_:) in closure #1 in static LZFSEv1.lzParseOptimal(_:maxL:maxM:maxDist:)","31","parse"
"llama.cpp-optimal-n4.time-profile.xml","time-profile","llama.cpp","optimal","4","20","specialized Array.append(_:)","29","swift_array"
"llama.cpp-optimal-n4.time-profile.xml","time-profile","llama.cpp","optimal","4","21","specialized pushRun #1 (l:m:d:) in static LZFSEv1.lzParseOptimal(_:maxL:maxM:maxDist:)","20","parse"
"llama.cpp-optimal-n4.time-profile.xml","time-profile","llama.cpp","optimal","4","22","specialized IndexingIterator.next()","20","swift_array"
"llama.cpp-optimal-n4.time-profile.xml","time-profile","llama.cpp","optimal","4","23","specialized Array.append<A>(contentsOf:)","20","swift_array"
"llama.cpp-optimal-n4.time-profile.xml","time-profile","llama.cpp","optimal","4","24","swift_beginAccess","19","swift_runtime"
"llama.cpp-optimal-n4.time-profile.xml","time-profile","llama.cpp","optimal","4","25","specialized Array._checkSubscript_mutating(_:)","19","swift_array"
"llama.cpp-optimal-n4.time-profile.xml","time-profile","llama.cpp","optimal","4","26","specialized _ArrayBuffer._checkValidSubscriptMutating(_:)","19","swift_array"
"llama.cpp-optimal-n4.time-profile.xml","time-profile","llama.cpp","optimal","4","27","static LZFSEv1.compressBody(_:strong:bvx3:lazy2:optimal:optimal3:)","17","encode"
"llama.cpp-optimal-n4.time-profile.xml","time-profile","llama.cpp","optimal","4","28","_platform_memmove","16","memory_copy"
"llama.cpp-optimal-n4.time-profile.xml","time-profile","llama.cpp","optimal","4","29","LZFSEv1.FSEOutStream.push(_:_:)","15","fse"
"llama.cpp-optimal-n4.time-profile.xml","time-profile","llama.cpp","optimal","4","30","static LZFSEv1.lzParseOptimal(_:maxL:maxM:maxDist:)","13","parse"
"llama.cpp-optimal-n40.time-profile.xml","time-profile","llama.cpp","optimal","40","1","specialized closure #1 in static LZFSEv1.lzParseOptimal(_:maxL:maxM:maxDist:)","946","parse"
"llama.cpp-optimal-n40.time-profile.xml","time-profile","llama.cpp","optimal","40","2","specialized static LZFSEv1.encodeBlockV3(triplets:literals:rawBytes:)","375","encode"
"llama.cpp-optimal-n40.time-profile.xml","time-profile","llama.cpp","optimal","40","3","specialized emitSteps #1 (_:from:) in closure #1 in static LZFSEv1.lzParseOptimal(_:maxL:maxM:maxDist:)","171","parse"
"llama.cpp-optimal-n40.time-profile.xml","time-profile","llama.cpp","optimal","40","4","specialized rebuildPrices #1 () in static LZFSEv1.lzParseOptimal(_:maxL:maxM:maxDist:)","130","parse"
"llama.cpp-optimal-n40.time-profile.xml","time-profile","llama.cpp","optimal","40","5","specialized emitGreedy #1 (at:len:dist:) in closure #1 in static LZFSEv1.lzParseOptimal(_:maxL:maxM:maxDist:)","88","parse"
"llama.cpp-optimal-n40.time-profile.xml","time-profile","llama.cpp","optimal","40","6","specialized Array.withUnsafeBufferPointer<A, B>(_:)","88","swift_array"
"llama.cpp-optimal-n40.time-profile.xml","time-profile","llama.cpp","optimal","40","7","specialized _ArrayBuffer.withUnsafeBufferPointer<A, B>(_:)","88","swift_array"
"llama.cpp-optimal-n40.time-profile.xml","time-profile","llama.cpp","optimal","40","8","closure #2 in static LZFSEv1.encodeBlockV3(triplets:literals:rawBytes:)","86","encode"
"llama.cpp-optimal-n40.time-profile.xml","time-profile","llama.cpp","optimal","40","9","specialized Array.subscript.modify","85","swift_array"
"llama.cpp-optimal-n40.time-profile.xml","time-profile","llama.cpp","optimal","40","10","specialized Array.subscript.getter","84","swift_array"
"llama.cpp-optimal-n40.time-profile.xml","time-profile","llama.cpp","optimal","40","11","static LZFSEv1.symbol(forValue:base:)","73","fse"
"llama.cpp-optimal-n40.time-profile.xml","time-profile","llama.cpp","optimal","40","12","static LZFSEv1.fseEncode(state:_:_:)","53","fse"
"llama.cpp-optimal-n40.time-profile.xml","time-profile","llama.cpp","optimal","40","13","specialized _ArrayBuffer.beginCOWMutation()","51","swift_array"
"llama.cpp-optimal-n40.time-profile.xml","time-profile","llama.cpp","optimal","40","14","specialized Array._makeMutableAndUnique()","47","swift_array"
"llama.cpp-optimal-n40.time-profile.xml","time-profile","llama.cpp","optimal","40","15","matchLength #1 (_:_:limit:) in closure #1 in static LZFSEv1.lzParseOptimal(_:maxL:maxM:maxDist:)","44","parse"
"llama.cpp-optimal-n40.time-profile.xml","time-profile","llama.cpp","optimal","40","16","specialized Array._getElement(_:wasNativeTypeChecked:matchingSubscriptCheck:)","43","swift_array"
"llama.cpp-optimal-n40.time-profile.xml","time-profile","llama.cpp","optimal","40","17","dSym #1 (_:) in closure #1 in static LZFSEv1.lzParseOptimal(_:maxL:maxM:maxDist:)","39","parse"
"llama.cpp-optimal-n40.time-profile.xml","time-profile","llama.cpp","optimal","40","18","specialized Array.append(_:)","36","swift_array"
"llama.cpp-optimal-n40.time-profile.xml","time-profile","llama.cpp","optimal","40","19","specialized Array._checkSubscript(_:wasNativeTypeChecked:)","34","swift_array"
"llama.cpp-optimal-n40.time-profile.xml","time-profile","llama.cpp","optimal","40","20","insert #1 (_:) in closure #1 in static LZFSEv1.lzParseOptimal(_:maxL:maxM:maxDist:)","33","parse"
"llama.cpp-optimal-n40.time-profile.xml","time-profile","llama.cpp","optimal","40","21","specialized IndexingIterator.next()","28","swift_array"
"llama.cpp-optimal-n40.time-profile.xml","time-profile","llama.cpp","optimal","40","22","swift_beginAccess","27","swift_runtime"
"llama.cpp-optimal-n40.time-profile.xml","time-profile","llama.cpp","optimal","40","23","specialized Array.append<A>(contentsOf:)","27","swift_array"
"llama.cpp-optimal-n40.time-profile.xml","time-profile","llama.cpp","optimal","40","24","specialized pushRun #1 (l:m:d:) in static LZFSEv1.lzParseOptimal(_:maxL:maxM:maxDist:)","23","parse"
"llama.cpp-optimal-n40.time-profile.xml","time-profile","llama.cpp","optimal","40","25","specialized Array._checkSubscript_mutating(_:)","20","swift_array"
"llama.cpp-optimal-n40.time-profile.xml","time-profile","llama.cpp","optimal","40","26","specialized _ArrayBuffer._checkValidSubscriptMutating(_:)","20","swift_array"
"llama.cpp-optimal-n40.time-profile.xml","time-profile","llama.cpp","optimal","40","27","log2","18","other"
"llama.cpp-optimal-n40.time-profile.xml","time-profile","llama.cpp","optimal","40","28","_platform_memmove","18","memory_copy"
"llama.cpp-optimal-n40.time-profile.xml","time-profile","llama.cpp","optimal","40","29","static LZFSEv1.lzParseOptimal(_:maxL:maxM:maxDist:)","17","parse"
"llama.cpp-optimal-n40.time-profile.xml","time-profile","llama.cpp","optimal","40","30","LZFSEv1.FSEOutStream.push(_:_:)","16","fse"
"llama.cpp-optimal-n8.time-profile.xml","time-profile","llama.cpp","optimal","8","1","specialized closure #1 in static LZFSEv1.lzParseOptimal(_:maxL:maxM:maxDist:)","955","parse"
"llama.cpp-optimal-n8.time-profile.xml","time-profile","llama.cpp","optimal","8","2","specialized static LZFSEv1.encodeBlockV3(triplets:literals:rawBytes:)","364","encode"
"llama.cpp-optimal-n8.time-profile.xml","time-profile","llama.cpp","optimal","8","3","specialized emitSteps #1 (_:from:) in closure #1 in static LZFSEv1.lzParseOptimal(_:maxL:maxM:maxDist:)","178","parse"
"llama.cpp-optimal-n8.time-profile.xml","time-profile","llama.cpp","optimal","8","4","specialized rebuildPrices #1 () in static LZFSEv1.lzParseOptimal(_:maxL:maxM:maxDist:)","138","parse"
"llama.cpp-optimal-n8.time-profile.xml","time-profile","llama.cpp","optimal","8","5","specialized Array.subscript.getter","95","swift_array"
"llama.cpp-optimal-n8.time-profile.xml","time-profile","llama.cpp","optimal","8","6","specialized emitGreedy #1 (at:len:dist:) in closure #1 in static LZFSEv1.lzParseOptimal(_:maxL:maxM:maxDist:)","86","parse"
"llama.cpp-optimal-n8.time-profile.xml","time-profile","llama.cpp","optimal","8","7","specialized Array.withUnsafeBufferPointer<A, B>(_:)","86","swift_array"
"llama.cpp-optimal-n8.time-profile.xml","time-profile","llama.cpp","optimal","8","8","specialized _ArrayBuffer.withUnsafeBufferPointer<A, B>(_:)","86","swift_array"
"llama.cpp-optimal-n8.time-profile.xml","time-profile","llama.cpp","optimal","8","9","closure #2 in static LZFSEv1.encodeBlockV3(triplets:literals:rawBytes:)","84","encode"
"llama.cpp-optimal-n8.time-profile.xml","time-profile","llama.cpp","optimal","8","10","static LZFSEv1.symbol(forValue:base:)","78","fse"
"llama.cpp-optimal-n8.time-profile.xml","time-profile","llama.cpp","optimal","8","11","specialized Array.subscript.modify","78","swift_array"
"llama.cpp-optimal-n8.time-profile.xml","time-profile","llama.cpp","optimal","8","12","static LZFSEv1.fseEncode(state:_:_:)","51","fse"
"llama.cpp-optimal-n8.time-profile.xml","time-profile","llama.cpp","optimal","8","13","specialized Array._getElement(_:wasNativeTypeChecked:matchingSubscriptCheck:)","48","swift_array"
"llama.cpp-optimal-n8.time-profile.xml","time-profile","llama.cpp","optimal","8","14","specialized _ArrayBuffer.beginCOWMutation()","48","swift_array"
"llama.cpp-optimal-n8.time-profile.xml","time-profile","llama.cpp","optimal","8","15","matchLength #1 (_:_:limit:) in closure #1 in static LZFSEv1.lzParseOptimal(_:maxL:maxM:maxDist:)","45","parse"
"llama.cpp-optimal-n8.time-profile.xml","time-profile","llama.cpp","optimal","8","16","specialized Array._makeMutableAndUnique()","44","swift_array"
"llama.cpp-optimal-n8.time-profile.xml","time-profile","llama.cpp","optimal","8","17","dSym #1 (_:) in closure #1 in static LZFSEv1.lzParseOptimal(_:maxL:maxM:maxDist:)","42","parse"
"llama.cpp-optimal-n8.time-profile.xml","time-profile","llama.cpp","optimal","8","18","specialized Array._checkSubscript(_:wasNativeTypeChecked:)","40","swift_array"
"llama.cpp-optimal-n8.time-profile.xml","time-profile","llama.cpp","optimal","8","19","insert #1 (_:) in closure #1 in static LZFSEv1.lzParseOptimal(_:maxL:maxM:maxDist:)","36","parse"
"llama.cpp-optimal-n8.time-profile.xml","time-profile","llama.cpp","optimal","8","20","specialized IndexingIterator.next()","33","swift_array"
"llama.cpp-optimal-n8.time-profile.xml","time-profile","llama.cpp","optimal","8","21","specialized Array.append(_:)","32","swift_array"
"llama.cpp-optimal-n8.time-profile.xml","time-profile","llama.cpp","optimal","8","22","specialized pushRun #1 (l:m:d:) in static LZFSEv1.lzParseOptimal(_:maxL:maxM:maxDist:)","28","parse"
"llama.cpp-optimal-n8.time-profile.xml","time-profile","llama.cpp","optimal","8","23","swift_beginAccess","27","swift_runtime"
"llama.cpp-optimal-n8.time-profile.xml","time-profile","llama.cpp","optimal","8","24","specialized Array.append<A>(contentsOf:)","26","swift_array"
"llama.cpp-optimal-n8.time-profile.xml","time-profile","llama.cpp","optimal","8","25","static LZFSEv1.compressBody(_:strong:bvx3:lazy2:optimal:optimal3:)","18","encode"
"llama.cpp-optimal-n8.time-profile.xml","time-profile","llama.cpp","optimal","8","26","specialized Array._checkSubscript_mutating(_:)","18","swift_array"
"llama.cpp-optimal-n8.time-profile.xml","time-profile","llama.cpp","optimal","8","27","specialized _ArrayBuffer._checkValidSubscriptMutating(_:)","18","swift_array"
"llama.cpp-optimal-n8.time-profile.xml","time-profile","llama.cpp","optimal","8","28","specialized min<A>(_:_:)","17","other"
"llama.cpp-optimal-n8.time-profile.xml","time-profile","llama.cpp","optimal","8","29","log2","17","other"
"llama.cpp-optimal-n8.time-profile.xml","time-profile","llama.cpp","optimal","8","30","static LZFSEv1.lzParseOptimal(_:maxL:maxM:maxDist:)","16","parse"
"llama.cpp-optimal3-n4.time-profile.xml","time-profile","llama.cpp","optimal3","4","1","specialized closure #1 in static LZFSEv1.lzParseOptimal2(_:maxL:maxM:maxDist:)","659","parse"
"llama.cpp-optimal3-n4.time-profile.xml","time-profile","llama.cpp","optimal3","4","2","specialized static LZFSEv1.encodeBlock(triplets:literals:rawBytes:)","221","encode"
"llama.cpp-optimal3-n4.time-profile.xml","time-profile","llama.cpp","optimal3","4","3","specialized emitSteps #1 (_:from:) in closure #1 in static LZFSEv1.lzParseOptimal2(_:maxL:maxM:maxDist:)","87","parse"
"llama.cpp-optimal3-n4.time-profile.xml","time-profile","llama.cpp","optimal3","4","4","specialized rebuildPrices #1 () in static LZFSEv1.lzParseOptimal2(_:maxL:maxM:maxDist:)","84","parse"
"llama.cpp-optimal3-n4.time-profile.xml","time-profile","llama.cpp","optimal3","4","5","specialized Array.subscript.getter","63","swift_array"
"llama.cpp-optimal3-n4.time-profile.xml","time-profile","llama.cpp","optimal3","4","6","specialized Array.withUnsafeBufferPointer<A, B>(_:)","57","swift_array"
"llama.cpp-optimal3-n4.time-profile.xml","time-profile","llama.cpp","optimal3","4","7","specialized _ArrayBuffer.withUnsafeBufferPointer<A, B>(_:)","57","swift_array"
"llama.cpp-optimal3-n4.time-profile.xml","time-profile","llama.cpp","optimal3","4","8","closure #1 in static LZFSEv1.encodeBlock(triplets:literals:rawBytes:)","55","encode"
"llama.cpp-optimal3-n4.time-profile.xml","time-profile","llama.cpp","optimal3","4","9","static LZFSEv1.symbol(forValue:base:)","53","fse"
"llama.cpp-optimal3-n4.time-profile.xml","time-profile","llama.cpp","optimal3","4","10","static LZFSEv1.fseEncode(state:_:_:)","53","fse"
"llama.cpp-optimal3-n4.time-profile.xml","time-profile","llama.cpp","optimal3","4","11","matchLength #1 (_:_:limit:) in closure #1 in static LZFSEv1.lzParseOptimal2(_:maxL:maxM:maxDist:)","47","parse"
"llama.cpp-optimal3-n4.time-profile.xml","time-profile","llama.cpp","optimal3","4","12","specialized emitGreedy #1 (at:len:dist:) in closure #1 in static LZFSEv1.lzParseOptimal2(_:maxL:maxM:maxDist:)","46","parse"
"llama.cpp-optimal3-n4.time-profile.xml","time-profile","llama.cpp","optimal3","4","13","specialized Array._getElement(_:wasNativeTypeChecked:matchingSubscriptCheck:)","40","swift_array"
"llama.cpp-optimal3-n4.time-profile.xml","time-profile","llama.cpp","optimal3","4","14","specialized Array.subscript.modify","36","swift_array"
"llama.cpp-optimal3-n4.time-profile.xml","time-profile","llama.cpp","optimal3","4","15","specialized _ArrayBuffer.beginCOWMutation()","30","swift_array"
"llama.cpp-optimal3-n4.time-profile.xml","time-profile","llama.cpp","optimal3","4","16","insert #1 (_:) in closure #1 in static LZFSEv1.lzParseOptimal2(_:maxL:maxM:maxDist:)","25","parse"
"llama.cpp-optimal3-n4.time-profile.xml","time-profile","llama.cpp","optimal3","4","17","specialized Array._makeMutableAndUnique()","24","swift_array"
"llama.cpp-optimal3-n4.time-profile.xml","time-profile","llama.cpp","optimal3","4","18","dSym #1 (_:) in closure #1 in static LZFSEv1.lzParseOptimal2(_:maxL:maxM:maxDist:)","24","parse"
"llama.cpp-optimal3-n4.time-profile.xml","time-profile","llama.cpp","optimal3","4","19","specialized Array._checkSubscript(_:wasNativeTypeChecked:)","23","swift_array"
"llama.cpp-optimal3-n4.time-profile.xml","time-profile","llama.cpp","optimal3","4","20","specialized Array.append<A>(contentsOf:)","21","swift_array"
"llama.cpp-optimal3-n4.time-profile.xml","time-profile","llama.cpp","optimal3","4","21","specialized Array.append(_:)","21","swift_array"
"llama.cpp-optimal3-n4.time-profile.xml","time-profile","llama.cpp","optimal3","4","22","LZFSEv1.FSEOutStream.push(_:_:)","21","fse"
"llama.cpp-optimal3-n4.time-profile.xml","time-profile","llama.cpp","optimal3","4","23","specialized pushRun #1 (l:m:d:) in static LZFSEv1.lzParseOptimal2(_:maxL:maxM:maxDist:)","17","parse"
"llama.cpp-optimal3-n4.time-profile.xml","time-profile","llama.cpp","optimal3","4","24","specialized IndexingIterator.next()","15","swift_array"
"llama.cpp-optimal3-n4.time-profile.xml","time-profile","llama.cpp","optimal3","4","25","_platform_memmove","15","memory_copy"
"llama.cpp-optimal3-n4.time-profile.xml","time-profile","llama.cpp","optimal3","4","26","static LZFSEv1.compressBody(_:strong:bvx3:lazy2:optimal:optimal3:)","14","encode"
"llama.cpp-optimal3-n4.time-profile.xml","time-profile","llama.cpp","optimal3","4","27","swift_beginAccess","13","swift_runtime"
"llama.cpp-optimal3-n4.time-profile.xml","time-profile","llama.cpp","optimal3","4","28","load32 #1 (_:) in closure #1 in static LZFSEv1.lzParseOptimal2(_:maxL:maxM:maxDist:)","13","parse"
"llama.cpp-optimal3-n4.time-profile.xml","time-profile","llama.cpp","optimal3","4","29","specialized Array._makeUniqueAndReserveCapacityIfNotUnique()","12","swift_array"
"llama.cpp-optimal3-n4.time-profile.xml","time-profile","llama.cpp","optimal3","4","30","specialized min<A>(_:_:)","11","other"
"llama.cpp-optimal3-n40.time-profile.xml","time-profile","llama.cpp","optimal3","40","1","specialized closure #1 in static LZFSEv1.lzParseOptimal2(_:maxL:maxM:maxDist:)","756","parse"
"llama.cpp-optimal3-n40.time-profile.xml","time-profile","llama.cpp","optimal3","40","2","specialized static LZFSEv1.encodeBlock(triplets:literals:rawBytes:)","281","encode"
"llama.cpp-optimal3-n40.time-profile.xml","time-profile","llama.cpp","optimal3","40","3","specialized emitSteps #1 (_:from:) in closure #1 in static LZFSEv1.lzParseOptimal2(_:maxL:maxM:maxDist:)","143","parse"
"llama.cpp-optimal3-n40.time-profile.xml","time-profile","llama.cpp","optimal3","40","4","specialized rebuildPrices #1 () in static LZFSEv1.lzParseOptimal2(_:maxL:maxM:maxDist:)","110","parse"
"llama.cpp-optimal3-n40.time-profile.xml","time-profile","llama.cpp","optimal3","40","5","specialized Array.subscript.getter","76","swift_array"
"llama.cpp-optimal3-n40.time-profile.xml","time-profile","llama.cpp","optimal3","40","6","specialized Array.subscript.modify","63","swift_array"
"llama.cpp-optimal3-n40.time-profile.xml","time-profile","llama.cpp","optimal3","40","7","specialized Array.withUnsafeBufferPointer<A, B>(_:)","60","swift_array"
"llama.cpp-optimal3-n40.time-profile.xml","time-profile","llama.cpp","optimal3","40","8","specialized _ArrayBuffer.withUnsafeBufferPointer<A, B>(_:)","60","swift_array"
"llama.cpp-optimal3-n40.time-profile.xml","time-profile","llama.cpp","optimal3","40","9","closure #1 in static LZFSEv1.encodeBlock(triplets:literals:rawBytes:)","58","encode"
"llama.cpp-optimal3-n40.time-profile.xml","time-profile","llama.cpp","optimal3","40","10","static LZFSEv1.symbol(forValue:base:)","56","fse"
"llama.cpp-optimal3-n40.time-profile.xml","time-profile","llama.cpp","optimal3","40","11","specialized emitGreedy #1 (at:len:dist:) in closure #1 in static LZFSEv1.lzParseOptimal2(_:maxL:maxM:maxDist:)","54","parse"
"llama.cpp-optimal3-n40.time-profile.xml","time-profile","llama.cpp","optimal3","40","12","specialized Array._getElement(_:wasNativeTypeChecked:matchingSubscriptCheck:)","53","swift_array"
"llama.cpp-optimal3-n40.time-profile.xml","time-profile","llama.cpp","optimal3","40","13","static LZFSEv1.fseEncode(state:_:_:)","47","fse"
"llama.cpp-optimal3-n40.time-profile.xml","time-profile","llama.cpp","optimal3","40","14","matchLength #1 (_:_:limit:) in closure #1 in static LZFSEv1.lzParseOptimal2(_:maxL:maxM:maxDist:)","46","parse"
"llama.cpp-optimal3-n40.time-profile.xml","time-profile","llama.cpp","optimal3","40","15","specialized _ArrayBuffer.beginCOWMutation()","40","swift_array"
"llama.cpp-optimal3-n40.time-profile.xml","time-profile","llama.cpp","optimal3","40","16","specialized Array._makeMutableAndUnique()","35","swift_array"
"llama.cpp-optimal3-n40.time-profile.xml","time-profile","llama.cpp","optimal3","40","17","specialized Array.append(_:)","34","swift_array"
"llama.cpp-optimal3-n40.time-profile.xml","time-profile","llama.cpp","optimal3","40","18","insert #1 (_:) in closure #1 in static LZFSEv1.lzParseOptimal2(_:maxL:maxM:maxDist:)","30","parse"
"llama.cpp-optimal3-n40.time-profile.xml","time-profile","llama.cpp","optimal3","40","19","specialized pushRun #1 (l:m:d:) in static LZFSEv1.lzParseOptimal2(_:maxL:maxM:maxDist:)","28","parse"
"llama.cpp-optimal3-n40.time-profile.xml","time-profile","llama.cpp","optimal3","40","20","specialized Array.append<A>(contentsOf:)","26","swift_array"
"llama.cpp-optimal3-n40.time-profile.xml","time-profile","llama.cpp","optimal3","40","21","swift_beginAccess","24","swift_runtime"
"llama.cpp-optimal3-n40.time-profile.xml","time-profile","llama.cpp","optimal3","40","22","specialized Array._checkSubscript(_:wasNativeTypeChecked:)","20","swift_array"
"llama.cpp-optimal3-n40.time-profile.xml","time-profile","llama.cpp","optimal3","40","23","dSym #1 (_:) in closure #1 in static LZFSEv1.lzParseOptimal2(_:maxL:maxM:maxDist:)","20","parse"
"llama.cpp-optimal3-n40.time-profile.xml","time-profile","llama.cpp","optimal3","40","24","_platform_memmove","20","memory_copy"
"llama.cpp-optimal3-n40.time-profile.xml","time-profile","llama.cpp","optimal3","40","25","static LZFSEv1.compressBody(_:strong:bvx3:lazy2:optimal:optimal3:)","18","encode"
"llama.cpp-optimal3-n40.time-profile.xml","time-profile","llama.cpp","optimal3","40","26","LZFSEv1.FSEOutStream.push(_:_:)","18","fse"
"llama.cpp-optimal3-n40.time-profile.xml","time-profile","llama.cpp","optimal3","40","27","specialized Array.init(repeating:count:)","15","swift_array"
"llama.cpp-optimal3-n40.time-profile.xml","time-profile","llama.cpp","optimal3","40","28","specialized Array._makeUniqueAndReserveCapacityIfNotUnique()","15","swift_array"
"llama.cpp-optimal3-n40.time-profile.xml","time-profile","llama.cpp","optimal3","40","29","specialized Array._checkSubscript_mutating(_:)","15","swift_array"
"llama.cpp-optimal3-n40.time-profile.xml","time-profile","llama.cpp","optimal3","40","30","specialized _ArrayBuffer._checkValidSubscriptMutating(_:)","15","swift_array"
"llama.cpp-optimal3-n8.time-profile.xml","time-profile","llama.cpp","optimal3","8","1","specialized closure #1 in static LZFSEv1.lzParseOptimal2(_:maxL:maxM:maxDist:)","750","parse"
"llama.cpp-optimal3-n8.time-profile.xml","time-profile","llama.cpp","optimal3","8","2","specialized static LZFSEv1.encodeBlock(triplets:literals:rawBytes:)","275","encode"
"llama.cpp-optimal3-n8.time-profile.xml","time-profile","llama.cpp","optimal3","8","3","specialized emitSteps #1 (_:from:) in closure #1 in static LZFSEv1.lzParseOptimal2(_:maxL:maxM:maxDist:)","125","parse"
"llama.cpp-optimal3-n8.time-profile.xml","time-profile","llama.cpp","optimal3","8","4","specialized rebuildPrices #1 () in static LZFSEv1.lzParseOptimal2(_:maxL:maxM:maxDist:)","118","parse"
"llama.cpp-optimal3-n8.time-profile.xml","time-profile","llama.cpp","optimal3","8","5","specialized emitGreedy #1 (at:len:dist:) in closure #1 in static LZFSEv1.lzParseOptimal2(_:maxL:maxM:maxDist:)","86","parse"
"llama.cpp-optimal3-n8.time-profile.xml","time-profile","llama.cpp","optimal3","8","6","specialized Array.subscript.getter","71","swift_array"
"llama.cpp-optimal3-n8.time-profile.xml","time-profile","llama.cpp","optimal3","8","7","specialized Array.subscript.modify","67","swift_array"
"llama.cpp-optimal3-n8.time-profile.xml","time-profile","llama.cpp","optimal3","8","8","specialized Array.withUnsafeBufferPointer<A, B>(_:)","58","swift_array"
"llama.cpp-optimal3-n8.time-profile.xml","time-profile","llama.cpp","optimal3","8","9","specialized _ArrayBuffer.withUnsafeBufferPointer<A, B>(_:)","58","swift_array"
"llama.cpp-optimal3-n8.time-profile.xml","time-profile","llama.cpp","optimal3","8","10","closure #1 in static LZFSEv1.encodeBlock(triplets:literals:rawBytes:)","56","encode"
"llama.cpp-optimal3-n8.time-profile.xml","time-profile","llama.cpp","optimal3","8","11","static LZFSEv1.symbol(forValue:base:)","54","fse"
"llama.cpp-optimal3-n8.time-profile.xml","time-profile","llama.cpp","optimal3","8","12","specialized Array._getElement(_:wasNativeTypeChecked:matchingSubscriptCheck:)","51","swift_array"
"llama.cpp-optimal3-n8.time-profile.xml","time-profile","llama.cpp","optimal3","8","13","specialized _ArrayBuffer.beginCOWMutation()","49","swift_array"
"llama.cpp-optimal3-n8.time-profile.xml","time-profile","llama.cpp","optimal3","8","14","static LZFSEv1.fseEncode(state:_:_:)","46","fse"
"llama.cpp-optimal3-n8.time-profile.xml","time-profile","llama.cpp","optimal3","8","15","matchLength #1 (_:_:limit:) in closure #1 in static LZFSEv1.lzParseOptimal2(_:maxL:maxM:maxDist:)","43","parse"
"llama.cpp-optimal3-n8.time-profile.xml","time-profile","llama.cpp","optimal3","8","16","specialized Array._makeMutableAndUnique()","41","swift_array"
"llama.cpp-optimal3-n8.time-profile.xml","time-profile","llama.cpp","optimal3","8","17","specialized Array.append(_:)","35","swift_array"
"llama.cpp-optimal3-n8.time-profile.xml","time-profile","llama.cpp","optimal3","8","18","insert #1 (_:) in closure #1 in static LZFSEv1.lzParseOptimal2(_:maxL:maxM:maxDist:)","31","parse"
"llama.cpp-optimal3-n8.time-profile.xml","time-profile","llama.cpp","optimal3","8","19","specialized Array.append<A>(contentsOf:)","27","swift_array"
"llama.cpp-optimal3-n8.time-profile.xml","time-profile","llama.cpp","optimal3","8","20","specialized pushRun #1 (l:m:d:) in static LZFSEv1.lzParseOptimal2(_:maxL:maxM:maxDist:)","25","parse"
"llama.cpp-optimal3-n8.time-profile.xml","time-profile","llama.cpp","optimal3","8","21","swift_beginAccess","22","swift_runtime"
"llama.cpp-optimal3-n8.time-profile.xml","time-profile","llama.cpp","optimal3","8","22","dSym #1 (_:) in closure #1 in static LZFSEv1.lzParseOptimal2(_:maxL:maxM:maxDist:)","22","parse"
"llama.cpp-optimal3-n8.time-profile.xml","time-profile","llama.cpp","optimal3","8","23","specialized IndexingIterator.next()","20","swift_array"
"llama.cpp-optimal3-n8.time-profile.xml","time-profile","llama.cpp","optimal3","8","24","specialized Array._checkSubscript(_:wasNativeTypeChecked:)","18","swift_array"
"llama.cpp-optimal3-n8.time-profile.xml","time-profile","llama.cpp","optimal3","8","25","static LZFSEv1.compressBody(_:strong:bvx3:lazy2:optimal:optimal3:)","17","encode"
"llama.cpp-optimal3-n8.time-profile.xml","time-profile","llama.cpp","optimal3","8","26","specialized Array._makeUniqueAndReserveCapacityIfNotUnique()","17","swift_array"
"llama.cpp-optimal3-n8.time-profile.xml","time-profile","llama.cpp","optimal3","8","27","_platform_memmove","17","memory_copy"
"llama.cpp-optimal3-n8.time-profile.xml","time-profile","llama.cpp","optimal3","8","28","LZFSEv1.FSEOutStream.push(_:_:)","16","fse"
"llama.cpp-optimal3-n8.time-profile.xml","time-profile","llama.cpp","optimal3","8","29","log2","14","other"
"llama.cpp-optimal3-n8.time-profile.xml","time-profile","llama.cpp","optimal3","8","30","static LZFSEv1.lzParseOptimal2(_:maxL:maxM:maxDist:)","13","parse"
"llama.cpp-other3-n4.time-profile.xml","time-profile","llama.cpp","other3","4","1","specialized static LZFSEv1.encodeBlock(triplets:literals:rawBytes:)","240","encode"
"llama.cpp-other3-n4.time-profile.xml","time-profile","llama.cpp","other3","4","2","specialized Array.withUnsafeBufferPointer<A, B>(_:)","169","swift_array"
"llama.cpp-other3-n4.time-profile.xml","time-profile","llama.cpp","other3","4","3","specialized _ArrayBuffer.withUnsafeBufferPointer<A, B>(_:)","169","swift_array"
"llama.cpp-other3-n4.time-profile.xml","time-profile","llama.cpp","other3","4","4","specialized static LZFSEv1.lzParseStrong(_:maxL:maxM:maxDist:)","117","parse"
"llama.cpp-other3-n4.time-profile.xml","time-profile","llama.cpp","other3","4","5","closure #1 in static LZFSEv1.lzParseStrong(_:maxL:maxM:maxDist:)","117","parse"
"llama.cpp-other3-n4.time-profile.xml","time-profile","llama.cpp","other3","4","6","bestMatch #1 (_:) in closure #1 in static LZFSEv1.lzParseStrong(_:maxL:maxM:maxDist:)","63","parse"
"llama.cpp-other3-n4.time-profile.xml","time-profile","llama.cpp","other3","4","7","closure #1 in static LZFSEv1.encodeBlock(triplets:literals:rawBytes:)","51","encode"
"llama.cpp-other3-n4.time-profile.xml","time-profile","llama.cpp","other3","4","8","static LZFSEv1.fseEncode(state:_:_:)","49","fse"
"llama.cpp-other3-n4.time-profile.xml","time-profile","llama.cpp","other3","4","9","specialized Array.subscript.getter","49","swift_array"
"llama.cpp-other3-n4.time-profile.xml","time-profile","llama.cpp","other3","4","10","static LZFSEv1.symbol(forValue:base:)","30","fse"
"llama.cpp-other3-n4.time-profile.xml","time-profile","llama.cpp","other3","4","11","specialized Array._getElement(_:wasNativeTypeChecked:matchingSubscriptCheck:)","27","swift_array"
"llama.cpp-other3-n4.time-profile.xml","time-profile","llama.cpp","other3","4","12","specialized Array.append(_:)","24","swift_array"
"llama.cpp-other3-n4.time-profile.xml","time-profile","llama.cpp","other3","4","13","specialized Array.append<A>(contentsOf:)","22","swift_array"
"llama.cpp-other3-n4.time-profile.xml","time-profile","llama.cpp","other3","4","14","specialized Array._checkSubscript(_:wasNativeTypeChecked:)","22","swift_array"
"llama.cpp-other3-n4.time-profile.xml","time-profile","llama.cpp","other3","4","15","specialized pushRun #1 (l:m:d:) in static LZFSEv1.lzParseStrong(_:maxL:maxM:maxDist:)","20","parse"
"llama.cpp-other3-n4.time-profile.xml","time-profile","llama.cpp","other3","4","16","specialized Array.subscript.modify","20","swift_array"
"llama.cpp-other3-n4.time-profile.xml","time-profile","llama.cpp","other3","4","17","LZFSEv1.FSEOutStream.push(_:_:)","19","fse"
"llama.cpp-other3-n4.time-profile.xml","time-profile","llama.cpp","other3","4","18","insert #1 (_:) in closure #1 in static LZFSEv1.lzParseStrong(_:maxL:maxM:maxDist:)","17","parse"
"llama.cpp-other3-n4.time-profile.xml","time-profile","llama.cpp","other3","4","19","_platform_memmove","17","memory_copy"
"llama.cpp-other3-n4.time-profile.xml","time-profile","llama.cpp","other3","4","20","static LZFSEv1.compressBody(_:strong:bvx3:lazy2:optimal:optimal3:)","15","encode"
"llama.cpp-other3-n4.time-profile.xml","time-profile","llama.cpp","other3","4","21","specialized IndexingIterator.next()","15","swift_array"
"llama.cpp-other3-n4.time-profile.xml","time-profile","llama.cpp","other3","4","22","matchLength #1 (_:_:limit:) in closure #1 in static LZFSEv1.lzParseStrong(_:maxL:maxM:maxDist:)","15","parse"
"llama.cpp-other3-n4.time-profile.xml","time-profile","llama.cpp","other3","4","23","specialized _ArrayBuffer.beginCOWMutation()","14","swift_array"
"llama.cpp-other3-n4.time-profile.xml","time-profile","llama.cpp","other3","4","24","specialized Array.init(repeating:count:)","12","swift_array"
"llama.cpp-other3-n4.time-profile.xml","time-profile","llama.cpp","other3","4","25","swift_beginAccess","11","swift_runtime"
"llama.cpp-other3-n4.time-profile.xml","time-profile","llama.cpp","other3","4","26","specialized Array._makeMutableAndUnique()","11","swift_array"
"llama.cpp-other3-n4.time-profile.xml","time-profile","llama.cpp","other3","4","27","specialized static LZFSEv1.initEncoderTable(nstates:freq:)","10","other"
"llama.cpp-other3-n4.time-profile.xml","time-profile","llama.cpp","other3","4","28","specialized Array._makeUniqueAndReserveCapacityIfNotUnique()","10","swift_array"
"llama.cpp-other3-n4.time-profile.xml","time-profile","llama.cpp","other3","4","29","specialized static Array._allocateUninitialized(_:)","8","swift_array"
"llama.cpp-other3-n4.time-profile.xml","time-profile","llama.cpp","other3","4","30","specialized Array.init(_uninitializedCount:)","8","swift_array"
"llama.cpp-other3-n40.time-profile.xml","time-profile","llama.cpp","other3","40","1","specialized static LZFSEv1.encodeBlock(triplets:literals:rawBytes:)","285","encode"
"llama.cpp-other3-n40.time-profile.xml","time-profile","llama.cpp","other3","40","2","specialized Array.withUnsafeBufferPointer<A, B>(_:)","181","swift_array"
"llama.cpp-other3-n40.time-profile.xml","time-profile","llama.cpp","other3","40","3","specialized _ArrayBuffer.withUnsafeBufferPointer<A, B>(_:)","181","swift_array"
"llama.cpp-other3-n40.time-profile.xml","time-profile","llama.cpp","other3","40","4","specialized static LZFSEv1.lzParseStrong(_:maxL:maxM:maxDist:)","127","parse"
"llama.cpp-other3-n40.time-profile.xml","time-profile","llama.cpp","other3","40","5","closure #1 in static LZFSEv1.lzParseStrong(_:maxL:maxM:maxDist:)","127","parse"
"llama.cpp-other3-n40.time-profile.xml","time-profile","llama.cpp","other3","40","6","bestMatch #1 (_:) in closure #1 in static LZFSEv1.lzParseStrong(_:maxL:maxM:maxDist:)","61","parse"
"llama.cpp-other3-n40.time-profile.xml","time-profile","llama.cpp","other3","40","7","specialized Array.subscript.getter","54","swift_array"
"llama.cpp-other3-n40.time-profile.xml","time-profile","llama.cpp","other3","40","8","closure #1 in static LZFSEv1.encodeBlock(triplets:literals:rawBytes:)","53","encode"
"llama.cpp-other3-n40.time-profile.xml","time-profile","llama.cpp","other3","40","9","static LZFSEv1.fseEncode(state:_:_:)","48","fse"
"llama.cpp-other3-n40.time-profile.xml","time-profile","llama.cpp","other3","40","10","specialized Array._getElement(_:wasNativeTypeChecked:matchingSubscriptCheck:)","36","swift_array"
"llama.cpp-other3-n40.time-profile.xml","time-profile","llama.cpp","other3","40","11","specialized Array.append(_:)","32","swift_array"
"llama.cpp-other3-n40.time-profile.xml","time-profile","llama.cpp","other3","40","12","specialized Array.append<A>(contentsOf:)","29","swift_array"
"llama.cpp-other3-n40.time-profile.xml","time-profile","llama.cpp","other3","40","13","static LZFSEv1.symbol(forValue:base:)","26","fse"
"llama.cpp-other3-n40.time-profile.xml","time-profile","llama.cpp","other3","40","14","specialized Array.subscript.modify","26","swift_array"
"llama.cpp-other3-n40.time-profile.xml","time-profile","llama.cpp","other3","40","15","specialized pushRun #1 (l:m:d:) in static LZFSEv1.lzParseStrong(_:maxL:maxM:maxDist:)","23","parse"
"llama.cpp-other3-n40.time-profile.xml","time-profile","llama.cpp","other3","40","16","insert #1 (_:) in closure #1 in static LZFSEv1.lzParseStrong(_:maxL:maxM:maxDist:)","21","parse"
"llama.cpp-other3-n40.time-profile.xml","time-profile","llama.cpp","other3","40","17","swift_beginAccess","18","swift_runtime"
"llama.cpp-other3-n40.time-profile.xml","time-profile","llama.cpp","other3","40","18","static LZFSEv1.compressBody(_:strong:bvx3:lazy2:optimal:optimal3:)","18","encode"
"llama.cpp-other3-n40.time-profile.xml","time-profile","llama.cpp","other3","40","19","specialized IndexingIterator.next()","17","swift_array"
"llama.cpp-other3-n40.time-profile.xml","time-profile","llama.cpp","other3","40","20","_platform_memmove","17","memory_copy"
"llama.cpp-other3-n40.time-profile.xml","time-profile","llama.cpp","other3","40","21","specialized Array._checkSubscript(_:wasNativeTypeChecked:)","16","swift_array"
"llama.cpp-other3-n40.time-profile.xml","time-profile","llama.cpp","other3","40","22","matchLength #1 (_:_:limit:) in closure #1 in static LZFSEv1.lzParseStrong(_:maxL:maxM:maxDist:)","16","parse"
"llama.cpp-other3-n40.time-profile.xml","time-profile","llama.cpp","other3","40","23","specialized _ArrayBuffer.beginCOWMutation()","15","swift_array"
"llama.cpp-other3-n40.time-profile.xml","time-profile","llama.cpp","other3","40","24","LZFSEv1.FSEOutStream.push(_:_:)","15","fse"
"llama.cpp-other3-n40.time-profile.xml","time-profile","llama.cpp","other3","40","25","specialized Array._makeUniqueAndReserveCapacityIfNotUnique()","14","swift_array"
"llama.cpp-other3-n40.time-profile.xml","time-profile","llama.cpp","other3","40","26","specialized Array._createNewBuffer(bufferIsUnique:minimumCapacity:growForAppend:)","12","swift_array"
"llama.cpp-other3-n40.time-profile.xml","time-profile","llama.cpp","other3","40","27","specialized static LZFSEv1.initEncoderTable(nstates:freq:)","11","other"
"llama.cpp-other3-n40.time-profile.xml","time-profile","llama.cpp","other3","40","28","specialized Array._makeMutableAndUnique()","11","swift_array"
"llama.cpp-other3-n40.time-profile.xml","time-profile","llama.cpp","other3","40","29","swift_endAccess","10","swift_runtime"
"llama.cpp-other3-n40.time-profile.xml","time-profile","llama.cpp","other3","40","30","specialized Array.init(repeating:count:)","10","swift_array"
"llama.cpp-other3-n8.time-profile.xml","time-profile","llama.cpp","other3","8","1","specialized static LZFSEv1.encodeBlock(triplets:literals:rawBytes:)","277","encode"
"llama.cpp-other3-n8.time-profile.xml","time-profile","llama.cpp","other3","8","2","specialized Array.withUnsafeBufferPointer<A, B>(_:)","182","swift_array"
"llama.cpp-other3-n8.time-profile.xml","time-profile","llama.cpp","other3","8","3","specialized _ArrayBuffer.withUnsafeBufferPointer<A, B>(_:)","182","swift_array"
"llama.cpp-other3-n8.time-profile.xml","time-profile","llama.cpp","other3","8","4","specialized static LZFSEv1.lzParseStrong(_:maxL:maxM:maxDist:)","126","parse"
"llama.cpp-other3-n8.time-profile.xml","time-profile","llama.cpp","other3","8","5","closure #1 in static LZFSEv1.lzParseStrong(_:maxL:maxM:maxDist:)","126","parse"
"llama.cpp-other3-n8.time-profile.xml","time-profile","llama.cpp","other3","8","6","bestMatch #1 (_:) in closure #1 in static LZFSEv1.lzParseStrong(_:maxL:maxM:maxDist:)","59","parse"
"llama.cpp-other3-n8.time-profile.xml","time-profile","llama.cpp","other3","8","7","specialized Array.subscript.getter","57","swift_array"
"llama.cpp-other3-n8.time-profile.xml","time-profile","llama.cpp","other3","8","8","closure #1 in static LZFSEv1.encodeBlock(triplets:literals:rawBytes:)","55","encode"
"llama.cpp-other3-n8.time-profile.xml","time-profile","llama.cpp","other3","8","9","static LZFSEv1.fseEncode(state:_:_:)","45","fse"
"llama.cpp-other3-n8.time-profile.xml","time-profile","llama.cpp","other3","8","10","specialized Array._getElement(_:wasNativeTypeChecked:matchingSubscriptCheck:)","38","swift_array"
"llama.cpp-other3-n8.time-profile.xml","time-profile","llama.cpp","other3","8","11","specialized Array.append(_:)","29","swift_array"
"llama.cpp-other3-n8.time-profile.xml","time-profile","llama.cpp","other3","8","12","specialized Array.append<A>(contentsOf:)","28","swift_array"
"llama.cpp-other3-n8.time-profile.xml","time-profile","llama.cpp","other3","8","13","specialized pushRun #1 (l:m:d:) in static LZFSEv1.lzParseStrong(_:maxL:maxM:maxDist:)","26","parse"
"llama.cpp-other3-n8.time-profile.xml","time-profile","llama.cpp","other3","8","14","specialized Array.subscript.modify","25","swift_array"
"llama.cpp-other3-n8.time-profile.xml","time-profile","llama.cpp","other3","8","15","static LZFSEv1.symbol(forValue:base:)","24","fse"
"llama.cpp-other3-n8.time-profile.xml","time-profile","llama.cpp","other3","8","16","_platform_memmove","21","memory_copy"
"llama.cpp-other3-n8.time-profile.xml","time-profile","llama.cpp","other3","8","17","static LZFSEv1.compressBody(_:strong:bvx3:lazy2:optimal:optimal3:)","20","encode"
"llama.cpp-other3-n8.time-profile.xml","time-profile","llama.cpp","other3","8","18","insert #1 (_:) in closure #1 in static LZFSEv1.lzParseStrong(_:maxL:maxM:maxDist:)","19","parse"
"llama.cpp-other3-n8.time-profile.xml","time-profile","llama.cpp","other3","8","19","swift_beginAccess","18","swift_runtime"
"llama.cpp-other3-n8.time-profile.xml","time-profile","llama.cpp","other3","8","20","specialized IndexingIterator.next()","17","swift_array"
"llama.cpp-other3-n8.time-profile.xml","time-profile","llama.cpp","other3","8","21","specialized Array._checkSubscript(_:wasNativeTypeChecked:)","17","swift_array"
"llama.cpp-other3-n8.time-profile.xml","time-profile","llama.cpp","other3","8","22","LZFSEv1.FSEOutStream.push(_:_:)","17","fse"
"llama.cpp-other3-n8.time-profile.xml","time-profile","llama.cpp","other3","8","23","specialized _ArrayBuffer.beginCOWMutation()","15","swift_array"
"llama.cpp-other3-n8.time-profile.xml","time-profile","llama.cpp","other3","8","24","matchLength #1 (_:_:limit:) in closure #1 in static LZFSEv1.lzParseStrong(_:maxL:maxM:maxDist:)","15","parse"
"llama.cpp-other3-n8.time-profile.xml","time-profile","llama.cpp","other3","8","25","specialized Array._makeUniqueAndReserveCapacityIfNotUnique()","12","swift_array"
"llama.cpp-other3-n8.time-profile.xml","time-profile","llama.cpp","other3","8","26","specialized static LZFSEv1.initEncoderTable(nstates:freq:)","11","other"
"llama.cpp-other3-n8.time-profile.xml","time-profile","llama.cpp","other3","8","27","swift_endAccess","10","swift_runtime"
"llama.cpp-other3-n8.time-profile.xml","time-profile","llama.cpp","other3","8","28","specialized Array.init(repeating:count:)","10","swift_array"
"llama.cpp-other3-n8.time-profile.xml","time-profile","llama.cpp","other3","8","29","specialized Array._makeMutableAndUnique()","10","swift_array"
"llama.cpp-other3-n8.time-profile.xml","time-profile","llama.cpp","other3","8","30","specialized Array._checkSubscript_mutating(_:)","10","swift_array"
"llama.cpp-tar.lz4.time-profile.xml","time-profile","llama.cpp","tar.lz4","1","LZ4HC_compress_generic_noDictCtx","295","","other"
"llama.cpp-tar.lz4.time-profile.xml","time-profile","llama.cpp","tar.lz4","2","LZ4_XXH32_update","4","","other"
"llama.cpp-tar.lz4.time-profile.xml","time-profile","llama.cpp","tar.lz4","3","TPool_thread","3","","other"
"llama.cpp-tar.lz4.time-profile.xml","time-profile","llama.cpp","tar.lz4","4","LZ4IO_readAndProcess","3","","other"
"llama.cpp-tar.lz4.time-profile.xml","time-profile","llama.cpp","tar.lz4","5","start","2","","other"
"llama.cpp-tar.lz4.time-profile.xml","time-profile","llama.cpp","tar.lz4","6","LZ4IO_compressFrameChunk","2","","other"
"llama.cpp-tar.lz4.time-profile.xml","time-profile","llama.cpp","tar.lz4","7","LZ4IO_compressFilename_extRess_MT","2","","other"
"llama.cpp-tar.lz4.time-profile.xml","time-profile","llama.cpp","tar.lz4","8","LZ4IO_compressChunk","2","","other"
"llama.cpp-tar.lz4.time-profile.xml","time-profile","llama.cpp","tar.lz4","9","LZ4IO_checkWriteOrder","2","","other"
"llama.cpp-tar.lz4.time-profile.xml","time-profile","llama.cpp","tar.lz4","10","LZ4F_compressUpdateImpl","2","","other"
"llama.cpp-tar.lz4.time-profile.xml","time-profile","llama.cpp","tar.lz4","11","dyld4::prepare(dyld4::APIs&, mach_o::UnsafeHeader const*)","2","","other"
"llama.cpp-tar.lz4.time-profile.xml","time-profile","llama.cpp","tar.lz4","12","_xzm_segment_group_alloc_segment","2","","other"
"llama.cpp-tar.lz4.time-profile.xml","time-profile","llama.cpp","tar.lz4","13","__sfvwrite","2","","other"
"llama.cpp-tar.lz4.time-profile.xml","time-profile","llama.cpp","tar.lz4","14","xzm_segment_group_alloc_chunk","1","","other"
"llama.cpp-tar.lz4.time-profile.xml","time-profile","llama.cpp","tar.lz4","15","xzm_metapool_alloc","1","","other"
"llama.cpp-tar.lz4.time-profile.xml","time-profile","llama.cpp","tar.lz4","16","TPool_submitJob","1","","other"
"llama.cpp-tar.lz4.time-profile.xml","time-profile","llama.cpp","tar.lz4","17","TPool_jobsCompleted","1","","other"
"llama.cpp-tar.lz4.time-profile.xml","time-profile","llama.cpp","tar.lz4","18","thread_start","1","","other"
"llama.cpp-tar.lz4.time-profile.xml","time-profile","llama.cpp","tar.lz4","19","pthread_cond_signal","1","","other"
"llama.cpp-tar.lz4.time-profile.xml","time-profile","llama.cpp","tar.lz4","20","main","1","","other"
"llama.cpp-tar.lz4.time-profile.xml","time-profile","llama.cpp","tar.lz4","21","mach_o::UnsafeHeader::forEachSection(void (mach_o::UnsafeHeader::SectionInfo const&, bool&) block_pointer) const","1","","other"
"llama.cpp-tar.lz4.time-profile.xml","time-profile","llama.cpp","tar.lz4","22","mach_o::UnsafeHeader::forEachLoadCommand(void (load_command const*, bool&) block_pointer) const","1","","other"
"llama.cpp-tar.lz4.time-profile.xml","time-profile","llama.cpp","tar.lz4","23","mach_o::Image::forEachBindTarget(void (mach_o::Fixup::BindTarget const&, bool&) block_pointer, void (mach_o::Fixup::BindTarget const&, bool&) block_pointer) const","1","","other"
"llama.cpp-tar.lz4.time-profile.xml","time-profile","llama.cpp","tar.lz4","24","mach_o::ChainedFixups::forEachBindTarget(void (mach_o::Fixup::BindTarget const&, bool&) block_pointer, mach_o::Error*) const","1","","other"
"llama.cpp-tar.lz4.time-profile.xml","time-profile","llama.cpp","tar.lz4","25","LZ4IO_writeBuffer","1","","other"
"llama.cpp-tar.lz4.time-profile.xml","time-profile","llama.cpp","tar.lz4","26","LZ4IO_compressFilename","1","","other"
"llama.cpp-tar.lz4.time-profile.xml","time-profile","llama.cpp","tar.lz4","27","LZ4IO_compressAndFreeChunk","1","","other"
"llama.cpp-tar.lz4.time-profile.xml","time-profile","llama.cpp","tar.lz4","28","LZ4F_makeBlock","1","","other"
"llama.cpp-tar.lz4.time-profile.xml","time-profile","llama.cpp","tar.lz4","29","LZ4F_compressBegin_internal","1","","other"
"llama.cpp-tar.lz4.time-profile.xml","time-profile","llama.cpp","tar.lz4","30","LZ4_XXH32_createState","1","","other"
"llama.cpp-tgz.time-profile.xml","time-profile","llama.cpp","tgz","1","0x2cffac930","78","","other"
"llama.cpp-tgz.time-profile.xml","time-profile","llama.cpp","tgz","2","0x2cfface68","55","","other"
"llama.cpp-tgz.time-profile.xml","time-profile","llama.cpp","tgz","3","archive_write_pax_header","47","","other"
"llama.cpp-tgz.time-profile.xml","time-profile","llama.cpp","tgz","4","0x2cffafd08","47","","other"
"llama.cpp-tgz.time-profile.xml","time-profile","llama.cpp","tgz","5","copyfile","28","","other"
"llama.cpp-tgz.time-profile.xml","time-profile","llama.cpp","tgz","6","0x2cffaf86c","27","","other"
"llama.cpp-tgz.time-profile.xml","time-profile","llama.cpp","tgz","7","0x2cffb00cc","19","","other"
"llama.cpp-tgz.time-profile.xml","time-profile","llama.cpp","tgz","8","copyfile_pack","18","","other"
"llama.cpp-tgz.time-profile.xml","time-profile","llama.cpp","tgz","9","next_entry","17","","other"
"llama.cpp-tgz.time-profile.xml","time-profile","llama.cpp","tgz","10","__archive_write_format_header_ustar","17","","other"
"llama.cpp-tgz.time-profile.xml","time-profile","llama.cpp","tgz","11","setup_mac_metadata","16","","other"
"llama.cpp-tgz.time-profile.xml","time-profile","llama.cpp","tgz","12","_xzm_xzone_malloc_tiny","15","","other"
"llama.cpp-tgz.time-profile.xml","time-profile","llama.cpp","tgz","13","copyfile_open","14","","other"
"llama.cpp-tgz.time-profile.xml","time-profile","llama.cpp","tgz","14","_platform_memmove","14","","other"
"llama.cpp-tgz.time-profile.xml","time-profile","llama.cpp","tgz","15","archive_entry_clone","13","","other"
"llama.cpp-tgz.time-profile.xml","time-profile","llama.cpp","tgz","16","archive_string_append","11","","other"
"llama.cpp-tgz.time-profile.xml","time-profile","llama.cpp","tgz","17","archive_entry_clear","11","","other"
"llama.cpp-tgz.time-profile.xml","time-profile","llama.cpp","tgz","18","_xzm_malloc_tc_pac","11","","other"
"llama.cpp-tgz.time-profile.xml","time-profile","llama.cpp","tgz","19","_xzm_free_tc_pac","11","","other"
"llama.cpp-tgz.time-profile.xml","time-profile","llama.cpp","tgz","20","_utf8_to_unicode","11","","other"
"llama.cpp-tgz.time-profile.xml","time-profile","llama.cpp","tgz","21","setup_xattrs","10","","other"
"llama.cpp-tgz.time-profile.xml","time-profile","llama.cpp","tgz","22","archive_strncat","9","","other"
"llama.cpp-tgz.time-profile.xml","time-profile","llama.cpp","tgz","23","archive_string_ensure","9","","other"
"llama.cpp-tgz.time-profile.xml","time-profile","llama.cpp","tgz","24","0x2cffaf304","9","","other"
"llama.cpp-tgz.time-profile.xml","time-profile","llama.cpp","tgz","25","utf8_to_unicode","8","","other"
"llama.cpp-tgz.time-profile.xml","time-profile","llama.cpp","tgz","26","statx1","8","","other"
"llama.cpp-tgz.time-profile.xml","time-profile","llama.cpp","tgz","27","archive_write_pax_header_xattr","8","","other"
"llama.cpp-tgz.time-profile.xml","time-profile","llama.cpp","tgz","28","archive_read_disk_entry_from_file","8","","other"
"llama.cpp-tgz.time-profile.xml","time-profile","llama.cpp","tgz","29","xzm_malloc_zone_malloc_type_realloc","7","","other"
"llama.cpp-tgz.time-profile.xml","time-profile","llama.cpp","tgz","30","malloc_type_realloc","7","","other"
"llama.cpp-zstd.time-profile.xml","time-profile","llama.cpp","zstd","1","ZSTD_compressBlock_lazy2_row","144","","other"
"llama.cpp-zstd.time-profile.xml","time-profile","llama.cpp","zstd","2","ZSTD_RowFindBestMatch_noDict_5_4","142","","other"
"llama.cpp-zstd.time-profile.xml","time-profile","llama.cpp","zstd","3","HIST_count_parallel_wksp","34","","other"
"llama.cpp-zstd.time-profile.xml","time-profile","llama.cpp","zstd","4","HUF_compress1X_usingCTable_internal","25","","other"
"llama.cpp-zstd.time-profile.xml","time-profile","llama.cpp","zstd","5","HUF_buildCTable_wksp","22","","other"
"llama.cpp-zstd.time-profile.xml","time-profile","llama.cpp","zstd","6","ZSTD_encodeSequences","20","","other"
"llama.cpp-zstd.time-profile.xml","time-profile","llama.cpp","zstd","7","FSE_buildCTable_wksp","20","","other"
"llama.cpp-zstd.time-profile.xml","time-profile","llama.cpp","zstd","8","ZSTD_splitBlock","12","","other"
"llama.cpp-zstd.time-profile.xml","time-profile","llama.cpp","zstd","9","ZSTD_buildSequencesStatistics","10","","other"
"llama.cpp-zstd.time-profile.xml","time-profile","llama.cpp","zstd","10","ZSTD_XXH64_update","9","","other"
"llama.cpp-zstd.time-profile.xml","time-profile","llama.cpp","zstd","11","HUF_compress_internal","9","","other"
"llama.cpp-zstd.time-profile.xml","time-profile","llama.cpp","zstd","12","ZSTD_seqToCodes","8","","other"
"llama.cpp-zstd.time-profile.xml","time-profile","llama.cpp","zstd","13","ZSTD_selectEncodingType","8","","other"
"llama.cpp-zstd.time-profile.xml","time-profile","llama.cpp","zstd","14","ZSTD_row_update","8","","other"
"llama.cpp-zstd.time-profile.xml","time-profile","llama.cpp","zstd","15","FSE_writeNCount_generic","8","","other"
"llama.cpp-zstd.time-profile.xml","time-profile","llama.cpp","zstd","16","FSE_normalizeCount","7","","other"
"llama.cpp-zstd.time-profile.xml","time-profile","llama.cpp","zstd","17","_platform_memmove","7","","other"
"llama.cpp-zstd.time-profile.xml","time-profile","llama.cpp","zstd","18","ZSTDMT_compressionJob","6","","other"
"llama.cpp-zstd.time-profile.xml","time-profile","llama.cpp","zstd","19","ZSTD_recordFingerprint_5","5","","other"
"llama.cpp-zstd.time-profile.xml","time-profile","llama.cpp","zstd","20","ZSTD_compressContinue_internal","5","","other"
"llama.cpp-zstd.time-profile.xml","time-profile","llama.cpp","zstd","21","HUF_writeCTable_wksp","5","","other"
"llama.cpp-zstd.time-profile.xml","time-profile","llama.cpp","zstd","22","HIST_count_simple","5","","other"
"llama.cpp-zstd.time-profile.xml","time-profile","llama.cpp","zstd","23","FIO_compressFilename_internal","5","","other"
"llama.cpp-zstd.time-profile.xml","time-profile","llama.cpp","zstd","24","ZSTD_entropyCompressSeqStore_internal","4","","other"
"llama.cpp-zstd.time-profile.xml","time-profile","llama.cpp","zstd","25","ZSTD_buildCTable","4","","other"
"llama.cpp-zstd.time-profile.xml","time-profile","llama.cpp","zstd","26","HUF_compress4X_usingCTable_internal","4","","other"
"llama.cpp-zstd.time-profile.xml","time-profile","llama.cpp","zstd","27","ZSTD_fseBitCost","3","","other"
"llama.cpp-zstd.time-profile.xml","time-profile","llama.cpp","zstd","28","ZSTD_compressLiterals","3","","other"
"llama.cpp-zstd.time-profile.xml","time-profile","llama.cpp","zstd","29","POOL_thread","3","","other"
"llama.cpp-zstd.time-profile.xml","time-profile","llama.cpp","zstd","30","HUF_simpleQuickSort","3","","other"
